sample,A_x,A_y,B_x,B_y,C_x,C_y,D_x,D_y,E_x,E_y
0,0.0,0.0,-0.5680993341902364,-0.8229599908213098,0.4114799954106549,-0.2840496670951182,-0.9836274817484457,-0.18021369856148822,-0.18021369856148822,0.9836274817484458
1,0.0,0.0,-0.8164619309630003,0.5773992685206388,0.2886996342603194,0.4082309654815002,-0.16904282974150442,0.9856087061876962,0.16904282974150442,-0.9856087061876962
2,0.0,0.0,-0.9996277399448212,-0.027283356333293415,0.013641678166646711,-0.4998138699724105,-0.7261357998539664,0.6875513073003648,0.687551307300365,0.7261357998539663
3,0.0,0.0,0.9461399532817577,0.32375791697500467,-0.16187895848750236,0.47306997664087874,-0.8979533954729112,0.4400905583611969,-0.44009055836119704,-0.897953395472911
4,0.0,0.0,-0.901767053591855,0.43222237454378093,-0.21611118727189046,-0.4508835267959275,0.3320182266249542,-0.9432729706658727,0.9432729706658728,0.3320182266249542
5,0.0,0.0,-0.5092601770196636,-0.8606126144217855,0.43030630721089275,-0.2546300885098318,0.9686463401911938,0.24844369107346226,-0.24844369107346229,0.9686463401911937
6,0.0,0.0,-0.053813233182402,0.99855101819309,-0.4992755090965452,-0.02690661659120099,-0.6680304942242163,-0.7441338984259148,0.7441338984259152,-0.668030494224216
7,0.0,0.0,-0.3429436008758726,-0.939355995679109,0.4696779978395545,-0.1714718004379363,-0.9067227402368014,-0.4217272487490768,-0.4217272487490768,0.9067227402368014
8,0.0,0.0,0.04609021896932277,-0.9989372811720263,0.49946864058601315,0.023045109484661385,-0.6737646191172116,-0.7389460318763735,-0.7389460318763736,0.6737646191172116
9,0.0,0.0,-0.3195291863699614,0.9475764344145279,0.4737882172072638,0.15976459318498076,0.895978976936302,-0.44409646799786245,-0.44409646799786234,-0.8959789769363024
10,0.0,0.0,0.8956716173754198,0.4447160372958234,-0.22235801864791174,0.4478358086877098,0.31887374868819574,0.9477972000367682,-0.31887374868819574,-0.9477972000367682
11,0.0,0.0,0.9453719757203458,-0.32599360043198583,0.1629968002159929,0.472685987860173,0.8989912202644555,0.4379666492867058,-0.8989912202644555,-0.4379666492867058
12,0.0,0.0,0.9236290350911046,-0.38328762768536473,-0.19164381384268234,-0.46181451754555236,-0.9241296346949337,-0.3820790733324817,-0.38207907333248164,0.9241296346949338
13,0.0,0.0,0.8920224277304006,0.4519911375524549,0.22599556877622745,-0.4460112138652003,0.9503611060182157,-0.31114910921909084,-0.9503611060182157,0.31114910921909084
14,0.0,0.0,0.16109570545788318,0.9869387892280997,-0.4934693946140502,0.08054785272894154,0.8117829762285304,0.5839592447299302,0.5839592447299305,-0.8117829762285298
15,0.0,0.0,-0.27122546120647933,-0.9625158436063963,0.48125792180319826,-0.13561273060323964,0.8723868428631237,0.4888161171640229,-0.48881611716402296,0.8723868428631236
16,0.0,0.0,0.06884030391028767,0.997627692356993,-0.49881384617849645,0.03442015195514384,-0.7541067520790237,-0.6567518606512094,0.6567518606512093,-0.7541067520790238
17,0.0,0.0,0.8406148131862918,-0.5416333961747338,-0.27081669808736697,-0.4203074065931458,0.21141178741763553,-0.9773970821221436,-0.21141178741763553,0.9773970821221436
18,0.0,0.0,0.6449491382581407,0.7642254962117409,0.38211274810587037,-0.3224745691290704,0.9964369399097275,0.08434112154422456,-0.9964369399097275,-0.08434112154422456
19,0.0,0.0,-0.7418935632459981,-0.6705176662953453,0.3352588331476726,-0.3709467816229991,0.998725558232713,-0.05047038074707893,0.050470380747078936,0.9987255582327131
20,0.0,0.0,-0.28797883618448145,0.9576367734740721,-0.47881838673703586,-0.14398941809224078,-0.8807832443413784,0.47351966853286515,0.8807832443413784,-0.47351966853286515
21,0.0,0.0,-0.7961153396975781,-0.605144913139167,0.3025724565695835,-0.39805766984878904,-0.9908406269880384,0.13503648362554002,0.13503648362554008,0.9908406269880384
22,0.0,0.0,-0.4809226278204352,0.8767630387113086,-0.4383815193556544,-0.24046131391021755,-0.279901438808606,-0.9600287415243736,0.9600287415243737,-0.2799014388086059
23,0.0,0.0,-0.9877390527142387,0.15611394474286724,0.07805697237143364,0.4938695263571192,-0.5880477532515515,0.8088262111824781,0.5880477532515515,-0.8088262111824781
24,0.0,0.0,-0.5280642471493338,-0.8492044223169161,0.424602211158458,-0.26403212357466693,-0.9738760156953589,-0.22708039557243304,-0.22708039557243304,0.9738760156953589
25,0.0,0.0,-0.7663909365985718,-0.6423744486664799,0.32118722433323993,-0.3831954682992859,-0.9961475570217971,0.08769289959572188,0.08769289959572188,0.9961475570217971
26,0.0,0.0,0.46302904577867915,-0.8863431066834592,-0.4431715533417296,-0.23151452288933957,-0.29932824303738514,-0.9541501993502658,0.29932824303738514,0.9541501993502658
27,0.0,0.0,0.5195989328553257,-0.8544102931119257,-0.42720514655596287,-0.25979946642766283,-0.9715712410943227,0.23674738325573405,0.23674738325573405,0.9715712410943227
28,0.0,0.0,-0.4285615935434088,0.9035125680030875,0.4517562840015437,0.21428079677170442,0.941918672672912,-0.33584105477159754,-0.3358410547715975,-0.9419186726729121
29,0.0,0.0,0.40238682194266984,-0.9154697403665933,-0.45773487018329656,-0.20119341097133497,-0.36280441092854027,-0.9318653118400719,0.36280441092854027,0.9318653118400719
30,0.0,0.0,0.6244264077667513,-0.7810836455102044,0.39054182275510213,0.3122132038833757,-0.11077339513034874,-0.993845689698001,-0.9938456896980009,0.1107733951303487
31,0.0,0.0,0.9076368174299346,0.41975636701026886,-0.20987818350513443,0.4538184087149673,0.34498357490009285,0.9386087220184733,-0.34498357490009285,-0.9386087220184733
32,0.0,0.0,0.9567470550126519,-0.29092107645307685,-0.1454605382265384,-0.47837352750632606,-0.8822345964297655,-0.4708100645296444,-0.47081006452964425,0.8822345964297658
33,0.0,0.0,0.9765732297441586,-0.21518533162616463,0.1075926658130823,0.48828661487207936,-0.5383825458726056,0.8427005602820798,-0.8427005602820797,-0.5383825458726057
34,0.0,0.0,-0.5441450480679615,0.8389911600625575,-0.41949558003127874,-0.27207252403398074,-0.9780249920737378,0.208487685197867,0.9780249920737378,-0.208487685197867
35,0.0,0.0,-0.10144510782845384,0.9948411381208926,0.49742056906044607,0.05072255391422694,0.6317263913049252,0.775191438632326,-0.6317263913049252,-0.775191438632326
36,0.0,0.0,-0.11409399328709557,0.9934699596343134,0.4967349798171567,0.05704699664354779,0.6218127090165909,0.7831659817085063,-0.6218127090165909,-0.7831659817085063
37,0.0,0.0,0.9864940984044366,0.16379680648052075,-0.08189840324026036,0.4932470492022184,0.8133784991813632,-0.5817348339832097,-0.5817348339832095,-0.8133784991813634
38,0.0,0.0,-0.29897810801378943,0.9542599703060456,0.4771299851530229,0.1494890540068947,0.886173143621153,-0.46335424841540374,-0.46335424841540385,-0.8861731436211527
39,0.0,0.0,-0.4653175299408391,0.8851438280470332,0.4425719140235164,0.23265876497041962,0.9549203839636179,-0.29686202231133474,-0.29686202231133463,-0.9549203839636182
40,0.0,0.0,-0.6390962925238285,-0.769126731353356,-0.3845633656766781,0.3195481462619142,-0.09194540505702158,0.9957640496065824,0.9957640496065826,0.09194540505702152
41,0.0,0.0,-0.14301178314537666,-0.9897209858750999,0.49486049293754997,-0.07150589157268833,-0.8009630222465941,-0.5987138189432425,-0.5987138189432425,0.8009630222465941
42,0.0,0.0,0.457278990607921,0.889323295966434,-0.4446616479832172,0.22863949530396038,0.9521916083980372,0.30550145809203616,0.30550145809203627,-0.9521916083980368
43,0.0,0.0,-0.8377215316373486,-0.5460976427628803,-0.2730488213814401,0.4188607658186744,0.2062092293791288,0.9785079221543715,0.9785079221543714,-0.20620922937912878
44,0.0,0.0,0.5280000028146553,-0.8492443682637665,-0.4246221841318832,-0.2640000014073277,-0.22715406922703588,-0.9738588341405539,0.22715406922703588,0.9738588341405539
45,0.0,0.0,-0.7584424331795123,0.6517400367882431,0.3258700183941215,0.37922121658975627,0.9971495872245946,0.0754499880571216,0.07544998805712153,-0.9971495872245948
46,0.0,0.0,-0.6434417141791893,0.7654951080537002,0.38274755402685007,0.3217208570895947,0.08630478247549926,0.9962687812643014,-0.08630478247549926,-0.9962687812643014
47,0.0,0.0,0.4896797390096467,-0.8719023759592838,-0.43595118797964183,-0.24483986950482337,-0.962783946636852,0.2702722185100922,0.27027221851009214,0.9627839466368521
48,0.0,0.0,0.6747922453511114,0.738007740890301,0.3690038704451505,-0.3373961226755557,0.0447001055718289,-0.9990004507315636,-0.9990004507315636,-0.04470010557182891
49,0.0,0.0,0.8787792520648415,-0.4772284842089347,0.23861424210446733,0.4393896260324208,0.9588422656606066,0.2839392709415769,-0.9588422656606066,-0.2839392709415769
50,0.0,0.0,0.5054069253704938,0.8628811272635092,0.4314405636317547,-0.25270346268524685,0.9675257606340393,0.2527724322578002,-0.9675257606340393,-0.2527724322578002
51,0.0,0.0,0.5442668106648963,0.8389121758614912,-0.41945608793074557,0.27213340533244823,-0.9780552409675448,-0.20834573577569887,0.2083457357756989,-0.9780552409675448
52,0.0,0.0,0.676692091891143,0.7362661290403006,0.36813306452015027,-0.33834604594557155,0.9991123395539036,0.042125205650828626,-0.9991123395539036,-0.042125205650828626
53,0.0,0.0,0.9996916612683349,-0.024831077112296148,0.012415538556148074,0.49984583063416743,0.689330529768214,-0.7244469757887553,-0.7244469757887553,-0.6893305297682139
54,0.0,0.0,-0.998021717125902,0.06287012124265356,-0.03143506062132678,-0.499010858562951,0.6612520348864668,-0.7501638130158683,0.7501638130158683,0.6612520348864669
55,0.0,0.0,0.9691294492209438,0.24655245010486007,0.12327622505243001,-0.484564724610472,-0.5109390960044087,-0.8596169147790178,-0.8596169147790176,0.5109390960044089
56,0.0,0.0,0.734051971703582,0.6790932946496256,0.33954664732481277,-0.3670259858517911,0.9992446006400229,-0.03886165322989417,-0.9992446006400229,0.03886165322989417
57,0.0,0.0,0.027671199055655776,0.9996170790571871,-0.4998085395285938,0.013835599527827881,-0.6872695226954094,0.7264025076870431,0.6872695226954094,-0.7264025076870431
58,0.0,0.0,-0.980205305750244,0.19798373311732043,0.0989918665586602,0.49010265287512206,0.8331054589029155,0.5531141783991458,0.5531141783991457,-0.8331054589029157
59,0.0,0.0,-0.8634766438921913,-0.5043888236793892,0.2521944118396946,-0.4317383219460956,-0.9672269478707719,0.2539134327139681,0.2539134327139681,0.967226947870772
60,0.0,0.0,-0.9488910562739208,0.31560380752355094,-0.15780190376177544,-0.47444552813696045,-0.4478017080303585,0.894132892966752,0.894132892966752,0.4478017080303585
61,0.0,0.0,0.9466504571287938,-0.3222621790062335,-0.16113108950311675,-0.4733252285643969,-0.8972567297443759,-0.4415091855538544,-0.44150918555385443,0.8972567297443759
62,0.0,0.0,-0.9995671715394087,-0.0294188643680716,0.014709432184035804,-0.4997835857697042,-0.6859984467575021,-0.7276030037364434,0.6859984467575021,0.7276030037364434
63,0.0,0.0,-0.5221269917541909,-0.8528677532195241,-0.42643387660976206,0.26106349587709543,-0.23386903524693947,0.9722681082667813,0.9722681082667813,0.23386903524693956
64,0.0,0.0,0.39426068818634985,0.9189986451300273,0.45949932256501363,-0.19713034409317493,0.37104576770084885,-0.9286145800445347,-0.9286145800445347,-0.3710457677008489
65,0.0,0.0,-0.8169700570637872,0.576680089704155,-0.2883400448520775,-0.4084850285318936,-0.985459469381239,-0.16991066537109012,0.985459469381239,0.16991066537109012
66,0.0,0.0,-0.690555570025349,-0.7232793407162724,-0.36163967035813627,0.3452777850126744,-0.023139200161545668,0.9997322528636775,0.9997322528636776,0.023139200161545703
67,0.0,0.0,-0.8430084378753853,-0.5379003380468381,0.26895016902341906,-0.42150421893769263,0.9764499596546187,-0.21574400638370775,0.21574400638370778,0.9764499596546187
68,0.0,0.0,0.9206259755157415,0.39044565973473155,-0.19522282986736583,0.46031298775787066,0.9270676439069453,-0.3748940965403771,-0.3748940965403772,-0.9270676439069451
69,0.0,0.0,-0.4409667493488415,0.8975234403449954,0.44876172017249794,0.22048337467442064,0.9464554896841807,-0.3228343321994717,-0.3228343321994719,-0.9464554896841801
70,0.0,0.0,0.8942765679663728,0.4475147148265473,-0.2237573574132737,0.4471382839831863,-0.9487897149998703,0.3159083359306389,-0.31590833593063894,-0.94878971499987
71,0.0,0.0,0.9998653569610954,-0.016409386005027993,0.008204693002513998,0.49993267848054757,0.6954083860614354,-0.7186147622999612,-0.7186147622999614,-0.6954083860614353
72,0.0,0.0,0.41242517240566523,0.9109914802928497,0.45549574014642497,-0.20621258620283256,0.35253961717816834,-0.9357968894583217,-0.9357968894583221,-0.35253961717816823
73,0.0,0.0,0.9265626399096901,-0.3761404981168426,-0.18807024905842135,-0.46328131995484495,0.3892072289769457,-0.921150222771556,-0.3892072289769457,0.921150222771556
74,0.0,0.0,-0.35662437754762205,0.9342478543399342,0.467123927169967,0.17831218877381105,0.9127845088131042,-0.4084414774123942,-0.40844147741239406,-0.9127845088131045
75,0.0,0.0,-0.8092720471223872,0.5874340420390537,-0.29371702101952685,-0.4046360235611936,0.15686315771932097,-0.9876203469705974,0.9876203469705975,0.1568631577193209
76,0.0,0.0,0.689904780541894,0.7239001269411696,0.36195006347058484,-0.34495239027094693,0.024038339967713526,-0.9997110373560936,-0.9997110373560937,-0.024038339967713568
77,0.0,0.0,-0.8281215002952275,-0.560548642625046,0.280274321312523,-0.41406075014761373,0.9819380748902173,-0.1892025821200482,0.1892025821200482,0.9819380748902174
78,0.0,0.0,0.5253042643272152,-0.8509144668411998,-0.4254572334205999,-0.2626521321636076,-0.9731335972051324,0.2302411822211635,0.23024118222116344,0.9731335972051324
79,0.0,0.0,-0.8760079427989421,0.4822966764898604,-0.24114833824493018,-0.4380039713994711,-0.9604664072161239,-0.27839590623669447,0.9604664072161239,0.27839590623669447
80,0.0,0.0,-0.9162427168278635,-0.4006236186995171,-0.20031180934975862,0.45812135841393165,-0.9311651157676901,0.36459776079584544,0.9311651157676901,-0.36459776079584544
81,0.0,0.0,0.4433017422936906,0.8963724478582428,0.44818622392912133,-0.22165087114684534,0.3203693682616684,-0.9472927044370283,-0.9472927044370283,-0.32036936826166834
82,0.0,0.0,-0.7882948717045379,0.6152976476830755,0.30764882384153774,0.39414743585226897,-0.12232751023202436,0.992489788481692,0.12232751023202436,-0.992489788481692
83,0.0,0.0,-0.49404023965809774,-0.8694390384601846,0.43471951923009255,-0.2470201198290487,0.9641254435647763,0.26544703628224015,-0.26544703628224037,0.9641254435647756
84,0.0,0.0,0.9787267374944998,0.20516815862451113,-0.10258407931225556,0.4893633687472499,-0.8371401092578957,0.5469885167639977,-0.5469885167639977,-0.8371401092578958
85,0.0,0.0,0.7877838137636216,-0.6159518347825937,0.30797591739129687,0.3938919068818108,0.12150355756218904,-0.992590996080325,-0.992590996080325,-0.12150355756218911
86,0.0,0.0,0.11359887744185528,0.9935266956876148,-0.4967633478438073,0.056799438720927645,0.782856000384891,0.6222029272362603,0.6222029272362603,-0.7828560003848911
87,0.0,0.0,0.9877549557018634,-0.1560132926593432,-0.0780066463296716,-0.4938774778509317,0.5881301701327425,-0.8087662845220684,-0.5881301701327425,0.8087662845220684
88,0.0,0.0,-0.9771236328640411,0.21267206233677838,-0.10633603116838919,-0.48856181643202057,-0.8413126043030621,-0.5405488894085337,0.8413126043030621,0.5405488894085337
89,0.0,0.0,-0.41430911341337023,-0.9101362307603335,0.45506811538016667,-0.20715455670668514,0.9365242841761766,0.3506027169722157,-0.3506027169722156,0.9365242841761767
90,0.0,0.0,0.8413280693266559,-0.5405248188224864,0.2702624094112432,0.42066403466332797,0.21270001823445409,-0.9771175478124742,-0.9771175478124743,-0.21270001823445409
91,0.0,0.0,-0.962348695375285,-0.271817932648835,-0.13590896632441749,0.48117434768764256,0.48827898494179167,0.8726875917899907,0.8726875917899906,-0.48827898494179167
92,0.0,0.0,-0.4125791711309006,-0.910921746117052,0.45546087305852595,-0.20628958556545032,0.3523814141266731,-0.9358564734926429,-0.3523814141266731,0.9358564734926429
93,0.0,0.0,0.9564144376502659,-0.2920127111173849,0.14600635555869243,0.478207218825133,0.8827713027109926,0.4698029662634503,-0.8827713027109926,-0.4698029662634503
94,0.0,0.0,0.14175212153248995,-0.9899021850875156,-0.4949510925437577,-0.07087606076624499,-0.5997326614035596,-0.8002004341699664,0.5997326614035596,0.8002004341699664
95,0.0,0.0,-0.1627353090569823,0.9866697619700971,0.49333488098504846,0.08136765452849117,0.5826096389080915,0.8127521200534532,-0.5826096389080915,-0.8127521200534532
96,0.0,0.0,0.3900541343161195,-0.9207919267146637,-0.46039596335733185,-0.19502706715805976,-0.37528829203698866,-0.9269081388465417,0.37528829203698866,0.9269081388465417
97,0.0,0.0,-0.11781131898045914,0.9930359978973997,-0.4965179989486998,-0.05890565949022958,0.6188773055239872,0.7854876706272156,0.7854876706272154,-0.6188773055239873
98,0.0,0.0,-0.35896484384565785,0.933351081256599,-0.4666755406282995,-0.17948242192282893,0.40615240349350273,0.9138053540751723,0.9138053540751722,-0.40615240349350273
99,0.0,0.0,-0.9305491330690681,-0.3661670533300417,0.1830835266650208,-0.4652745665345341,0.9169168086771695,-0.3990783957636324,0.39907839576363235,0.9169168086771696
100,0.0,0.0,0.6900186201665447,0.723791616298129,0.3618958081490646,-0.3450093100832723,0.023881114585630397,-0.9997148055151269,-0.999714805515127,-0.023881114585630452
101,0.0,0.0,0.3296290311387144,-0.9441105347524477,0.47205526737622394,0.16481451556935717,-0.4345040381189769,-0.9006698845072498,-0.90066988450725,0.4345040381189768
102,0.0,0.0,0.9398924813741357,0.34147053087546314,-0.1707352654377316,0.46994624068706775,0.42314821920849177,0.9060604751233122,-0.42314821920849177,-0.9060604751233122
103,0.0,0.0,-0.9662639785142642,-0.25755372997839826,0.12877686498919913,-0.4831319892571321,0.865369800611343,-0.5011338226361142,0.5011338226361142,0.8653698006113429
104,0.0,0.0,0.12305182232662344,-0.9924002463835332,0.4962001231917667,0.06152591116331171,0.7887437218735146,-0.6147221658644791,-0.7887437218735146,0.6147221658644791
105,0.0,0.0,0.5658687245039137,0.8244953527026783,0.41224767635133913,-0.28293436225195684,0.18287664259475842,-0.9831358673109576,-0.9831358673109576,-0.18287664259475836
106,0.0,0.0,-0.3002658629592352,0.9538555506686249,-0.4769277753343124,-0.15013293147961762,-0.8867977560075188,0.4621577002929073,0.8867977560075188,-0.4621577002929073
107,0.0,0.0,-0.8524563367867215,0.5227984256596071,-0.26139921282980355,-0.42622816839336075,-0.9724519683848933,-0.2331033444297748,0.9724519683848933,0.2331033444297748
108,0.0,0.0,-0.22155704959329442,-0.9751474113053444,-0.4875737056526722,0.11077852479664721,-0.5328688550034137,0.846197839377619,0.846197839377619,0.5328688550034137
109,0.0,0.0,-0.9987322896582278,-0.05033700024866231,-0.025168500124331156,0.4993661448291139,-0.7418040088277181,0.670616740386882,0.7418040088277181,-0.670616740386882
110,0.0,0.0,-0.6606533569616334,0.7506911095352901,0.37534555476764514,0.33032667848081665,0.9979712428500848,-0.06366630540762926,-0.06366630540762931,-0.9979712428500845
111,0.0,0.0,-0.08358832966289673,-0.996500371873572,0.4982501859367862,-0.04179416483144834,-0.7637380451394102,-0.6455262956740281,-0.6455262956740284,0.7637380451394099
112,0.0,0.0,0.9347037056246157,0.3554278867669378,-0.17771394338346888,0.46735185281230796,0.9122607976030662,-0.4096098596916543,-0.40960985969165414,-0.9122607976030664
113,0.0,0.0,0.6770153352177622,-0.7359689095878852,0.36798445479394254,0.3385076676088812,0.9991307412118259,-0.04168647221229931,-0.9991307412118259,0.04168647221229931
114,0.0,0.0,0.855462912231928,-0.5178640804261947,-0.2589320402130973,-0.4277314561159641,0.2387184232904908,-0.9710888292950866,-0.2387184232904908,0.9710888292950866
115,0.0,0.0,0.9995956967655897,-0.028433132217807296,0.014216566108903648,0.49979784838279484,0.686715635026255,-0.7269261562294255,-0.7269261562294255,-0.686715635026255
116,0.0,0.0,0.9973169479857518,-0.07320454398728253,-0.03660227199364127,-0.4986584739928758,-0.7569730063800727,-0.6534461474459198,-0.65344614744592,0.7569730063800725
117,0.0,0.0,-0.5878009126300788,-0.8090056162420918,0.404502808121046,-0.29390045631503936,0.15641534595441486,-0.9876913685711547,-0.15641534595441486,0.9876913685711547
118,0.0,0.0,0.9195092368344818,-0.3930683952902703,-0.1965341976451351,-0.459754618417241,-0.9281325445091937,-0.3722498889494648,-0.37224988894946476,0.9281325445091939
119,0.0,0.0,-0.44691566548805567,-0.894576093991656,-0.447288046995828,0.22345783274402783,-0.3165437246637714,0.948577920033977,0.9485779200339771,0.3165437246637714
120,0.0,0.0,0.8938060340045553,0.44845375857165903,-0.22422687928582952,0.44690301700227764,0.31491161397546,0.9491210014446897,-0.31491161397546,-0.9491210014446897
121,0.0,0.0,0.9672024828007507,0.2540066087015535,-0.12700330435077678,0.48360124140037525,0.5043056388898095,0.8635252298479421,-0.5043056388898095,-0.8635252298479421
122,0.0,0.0,0.9771078804614651,-0.21274442399297608,-0.10637221199648804,-0.48855394023073256,-0.8413526330901758,-0.540486583360057,-0.5404865833600571,0.8413526330901758
123,0.0,0.0,0.7490233971629036,-0.6625435461179463,0.33127177305897315,0.3745116985814518,0.9981285576926555,0.06115048910989179,-0.9981285576926555,-0.06115048910989179
124,0.0,0.0,-0.05552684924438199,0.9984571943819082,0.499228597190954,0.027763424622191,0.6667524412333163,0.7452792645105677,-0.6667524412333163,-0.7452792645105677
125,0.0,0.0,0.7299916780299472,-0.6834560337044526,0.3417280168522263,0.3649958390149736,0.9994584618200024,0.032905669669442514,-0.9994584618200024,-0.032905669669442514
126,0.0,0.0,0.4059503747933018,0.9138951215567234,0.4569475607783618,-0.20297518739665085,0.9332717005876275,0.3591711749044991,-0.9332717005876275,-0.3591711749044991
127,0.0,0.0,0.8575353165310081,0.5144250974651836,0.2572125487325918,-0.42876765826550406,-0.24261556259584638,-0.9701225122562103,-0.9701225122562103,0.24261556259584632
128,0.0,0.0,0.4047809043935514,0.9144137025648394,0.4572068512824197,-0.2023904521967757,0.9328114522850003,0.36036480750199285,-0.9328114522850003,-0.36036480750199285
129,0.0,0.0,-0.16529502165228419,-0.9862441664298809,0.4931220832149403,-0.08264751082614212,0.8142611686949498,0.5804987072815353,-0.5804987072815351,0.8142611686949501
130,0.0,0.0,0.35584781019012757,-0.9345439187020004,-0.4672719593510003,-0.17792390509506376,-0.9124447418866568,0.40919994257501147,0.4091999425750115,0.9124447418866566
131,0.0,0.0,0.23011525942547612,0.9731633816474734,-0.4865816908237368,0.11505762971273803,-0.8508464867596165,-0.5254143659711049,0.525414365971105,-0.8508464867596163
132,0.0,0.0,-0.02221232307722817,0.9997532759153694,-0.4998766379576847,-0.011106161538614085,0.6912258366394086,0.7226388051870376,0.7226388051870376,-0.6912258366394086
133,0.0,0.0,-0.9630491412564727,-0.2693257349849273,0.13466286749246367,-0.4815245706282362,0.8714206319542261,-0.49053652484243987,0.49053652484244,0.8714206319542259
134,0.0,0.0,0.7431209465485229,-0.6691571256445139,0.334578562822257,0.3715604732742614,0.052300319323692036,-0.9986314017687606,-0.9986314017687609,-0.05230031932369199
135,0.0,0.0,0.9171122961442418,-0.3986289455885467,0.19931447279427336,0.4585561480721209,0.36662309311025393,-0.9303695543160632,-0.9303695543160632,-0.3666230931102539
136,0.0,0.0,-0.6162689772205727,-0.7875357437700901,0.393767871885045,-0.3081344886102864,0.121103892019057,-0.992639837674187,-0.121103892019057,0.992639837674187
137,0.0,0.0,0.29563906911186477,-0.9552997125586659,-0.47764985627933276,-0.14781953455593244,-0.8845472953684699,0.4664505142631142,0.46645051426311407,0.8845472953684702
138,0.0,0.0,-0.0030436281294588577,0.999995368153178,0.49999768407658923,0.0015218140647294282,0.709255676066001,-0.7049513358864998,-0.7049513358865,-0.7092556760660007
139,0.0,0.0,-0.9176142766350412,0.39747206105027016,-0.19873603052513505,-0.4588071383175207,-0.9299064672230656,-0.3677960878213868,0.9299064672230656,0.3677960878213868
140,0.0,0.0,0.059755780363160683,0.9982130267198428,-0.49910651335992134,0.029877890181580345,-0.6635894827524642,0.748096917772234,0.6635894827524642,-0.748096917772234
141,0.0,0.0,-0.2849877260151912,0.9585311659099509,-0.4792655829549753,-0.14249386300759564,-0.8793006410138492,0.47626713377329827,0.8793006410138492,-0.47626713377329827
142,0.0,0.0,-0.923952277604966,0.3825077629389976,-0.19125388146949884,-0.4619761388024829,-0.9238067540178885,-0.38285908795656515,0.9238067540178885,0.38285908795656515
143,0.0,0.0,0.9684178634303416,-0.24933279324832547,0.12466639662416273,0.4842089317151708,0.508469929375708,-0.8610797471318568,-0.8610797471318568,-0.508469929375708
144,0.0,0.0,-0.22238750463197401,0.9749583569484206,-0.4874791784742104,-0.11119375231598698,-0.5321479529962992,-0.8466513781491463,0.8466513781491464,-0.5321479529962991
145,0.0,0.0,0.49543421262550114,-0.8686454633279044,0.4343227316639522,0.24771710631275057,-0.26390020618678195,-0.9645499889454013,-0.9645499889454013,0.263900206186782
146,0.0,0.0,-0.6525809478946328,0.7577190154964718,0.3788595077482359,0.3262904739473164,0.07434384056210998,0.9972326676209897,-0.07434384056210998,-0.9972326676209897
147,0.0,0.0,0.2672969476514781,0.963614207956796,-0.4818071039783981,0.13364847382573902,-0.8703856251687803,-0.4923706566191286,0.49237065661912877,-0.87038562516878
148,0.0,0.0,0.9937100183837874,-0.11198392457711184,0.05599196228855591,0.4968550091918938,0.7818436849845435,0.6234745000798263,-0.7818436849845435,-0.6234745000798263
149,0.0,0.0,0.19317638130710446,-0.9811640462762032,-0.49058202313810134,-0.09658819065355229,-0.5571914213910026,-0.8303840797656666,0.5571914213910026,0.8303840797656666
150,0.0,0.0,0.6767300631727458,0.7362312283503137,-0.3681156141751569,0.3383650315863728,-0.04207367738555928,0.9991145107900574,0.04207367738555928,-0.9991145107900574
151,0.0,0.0,-0.5584747432422549,0.8295215254352941,-0.414760762717647,-0.2792373716211275,-0.1916590177074911,-0.9814615738435201,0.98146157384352,-0.19165901770749114
152,0.0,0.0,0.17856832491294974,0.9839275142701231,-0.4919637571350617,0.08928416245647486,0.8220086909874972,0.569474944085358,0.5694749440853583,-0.822008690987497
153,0.0,0.0,0.601816354324824,-0.7986345069349167,-0.3993172534674582,-0.3009081771624121,-0.9902683007153033,0.13917145037120515,0.13917145037120507,0.9902683007153035
154,0.0,0.0,0.10226313131121734,0.9947573834731889,-0.49737869173659455,0.051131565655608655,0.7757106451048109,0.6310887378737465,0.6310887378737466,-0.7757106451048107
155,0.0,0.0,-0.7666466047845638,-0.6420692979517871,-0.32103464897589357,0.3833233023922819,-0.9961125675902026,0.0880894584434136,0.9961125675902026,-0.0880894584434136
156,0.0,0.0,0.48239701025937204,-0.8759526953510787,0.43797634767553945,0.24119850512968596,0.9604982880599003,-0.2782858937028633,-0.9604982880599003,0.2782858937028633
157,0.0,0.0,0.9643241333386805,0.2647243204932296,0.13236216024661476,-0.48216206666934036,-0.4946917717798579,-0.869068496111385,-0.8690684961113849,0.494691771779858
158,0.0,0.0,-0.08127558965113764,0.9966916667289135,0.4983458333644566,0.04063779482556883,0.7622379568833915,-0.6472969157088825,-0.6472969157088823,-0.7622379568833918
159,0.0,0.0,0.7360466537181208,-0.6769308114943187,-0.33846540574715933,-0.3680233268590604,0.04180121291200452,-0.999125947315495,-0.04180121291200452,0.999125947315495
160,0.0,0.0,-0.33809739164384284,0.9411111272127379,0.4705555636063691,0.1690486958219214,0.42639510156939747,0.9045370182350877,-0.42639510156939747,-0.9045370182350877
161,0.0,0.0,-0.4876536020158719,-0.8730372067907217,0.4365186033953608,-0.24382680100793597,0.9621536980053502,0.2725073602944125,-0.2725073602944125,0.9621536980053502
162,0.0,0.0,-0.9599164484778632,-0.2802863035213201,0.14014315176066003,-0.47995822423893164,-0.48057108419756783,-0.8769557759848405,0.48057108419756783,0.8769557759848405
163,0.0,0.0,0.9989270336054498,0.046311786104805165,-0.023155893052402586,0.49946351680272477,-0.7390954573765444,0.6736007013694069,-0.6736007013694071,-0.7390954573765443
164,0.0,0.0,0.9901204083204885,-0.14021974549709354,-0.07010987274854678,-0.49506020416024415,-0.7992711878118575,-0.6009705220173639,-0.600970522017364,0.7992711878118572
165,0.0,0.0,-0.38237440000456613,-0.9240074773621415,-0.46200373868107086,0.191187200002283,-0.3829924219144795,0.9237514843052116,0.9237514843052118,0.38299242191447946
166,0.0,0.0,0.5891488913378782,-0.8080244945763395,-0.40401224728816976,-0.2945744456689391,-0.15476842328621224,-0.9879507756733124,0.15476842328621224,0.9879507756733124
167,0.0,0.0,-0.21678117650871642,-0.9762202218308614,0.48811011091543055,-0.10839058825435825,0.5370044988451262,-0.843579378730949,-0.5370044988451262,0.843579378730949
168,0.0,0.0,0.823839983140213,-0.5668224432567346,0.28341122162836735,0.4119199915701064,0.9833468320466197,0.18173884533549134,-0.9833468320466197,-0.18173884533549134
169,0.0,0.0,0.9895024445588306,-0.14451613132137983,0.07225806566068992,0.4947512222794153,0.8018722249964081,0.5974955521000216,-0.8018722249964081,-0.5974955521000216
170,0.0,0.0,-0.7414258982984606,-0.6710347512106367,0.3355173756053184,-0.37071294914923025,0.9987605034270381,-0.0497740574412999,0.049774057441299945,0.9987605034270379
171,0.0,0.0,-0.35645608324767053,-0.9343120788664406,0.4671560394332204,-0.17822804162383524,-0.912710920370585,-0.40860589305133627,-0.4086058930513363,0.9127109203705848
172,0.0,0.0,-0.9901067248428432,-0.14031633340769306,-0.07015816670384654,0.4950533624214215,0.6008925483709652,0.7993298100985896,0.7993298100985898,-0.6008925483709651
173,0.0,0.0,0.9335839650197273,-0.3583587312429324,-0.17917936562146616,-0.4667919825098637,0.40674566351318875,-0.9135414414317587,-0.40674566351318875,0.9135414414317587
174,0.0,0.0,-0.994618322177415,0.10360691670435887,0.051803458352179435,0.4973091610887075,0.7765625136835183,0.6300402069245544,0.6300402069245544,-0.7765625136835183
175,0.0,0.0,0.32537354348922426,0.9455855631286181,-0.472792781564309,0.16268677174461216,0.8987038029002724,0.4385561248604195,0.43855612486041945,-0.8987038029002725
176,0.0,0.0,-0.5062454714177407,0.862389426343476,0.43119471317173813,0.2531227357088703,0.25183180560658375,0.9677710171755133,-0.25183180560658375,-0.9677710171755133
177,0.0,0.0,-0.8559380225516451,-0.5170784288194383,0.2585392144097191,-0.42796901127582265,-0.23960991659816197,-0.9708692434451827,0.23960991659816197,0.9708692434451827
178,0.0,0.0,-0.1352621383865,0.9908098475081439,0.4954049237540721,0.06763106919324999,0.7962531373303051,-0.6049635867485302,-0.6049635867485303,-0.7962531373303049
179,0.0,0.0,0.9957852097861788,-0.0917159526532649,0.04585797632663245,0.4978926048930894,0.6392735023809679,-0.7689794465091837,-0.7689794465091837,-0.6392735023809678
180,0.0,0.0,-0.44155979083191127,-0.897231826854397,0.4486159134271984,-0.22077989541595566,-0.9466686314616962,-0.3222087866685803,-0.32220878666858027,0.9466686314616963
181,0.0,0.0,0.843158791488966,0.5376646281232075,-0.2688323140616038,0.4215793957444829,-0.9763896036289655,0.21601699452883863,-0.21601699452883877,-0.9763896036289652
182,0.0,0.0,-0.9030366405900208,0.4295635293549594,-0.21478176467747964,-0.4515183202950105,-0.33479604766380444,0.9422906167784412,0.942290616778441,0.33479604766380455
183,0.0,0.0,-0.9970919915803238,-0.07620735086842718,-0.03810367543421359,0.4985459957901619,0.6511637741379194,0.7589372432885743,0.7589372432885743,-0.6511637741379195
184,0.0,0.0,-0.4170483349469189,-0.9088843085442737,0.45444215427213686,-0.20852416747345945,0.9375759636092271,0.3477805521621773,-0.34778055216217735,0.9375759636092271
185,0.0,0.0,-0.9999533651589221,0.00965751041145953,-0.004828755205729765,-0.49997668257946104,-0.7002449142728591,0.7139026964755044,0.7139026964755044,0.700244914272859
186,0.0,0.0,0.3087945211503575,0.9511287734621016,-0.4755643867310509,0.15439726057517872,-0.4541989055980251,0.890900305395366,0.4541989055980251,-0.890900305395366
187,0.0,0.0,0.5846680878836769,0.8112725972263856,-0.4056362986131928,0.29233404394183843,0.98707912457552,0.16023358520367967,0.1602335852036797,-0.98707912457552
188,0.0,0.0,0.4766554473562062,0.879090202712813,-0.4395451013564064,0.23832772367810315,-0.2845643444978058,0.9586569427279676,0.2845643444978058,-0.9586569427279676
189,0.0,0.0,-0.42441156776006145,-0.9054693927192938,-0.4527346963596469,0.21220578388003072,-0.3401592501715244,0.940367845325831,0.9403678453258311,0.3401592501715243
190,0.0,0.0,0.14544834311161925,-0.9893658471395123,0.49468292356975613,0.07272417155580962,-0.5967397898601486,-0.8024348093132959,-0.8024348093132959,0.5967397898601486
191,0.0,0.0,-0.28209765255433905,0.9593856963824984,0.4796928481912492,0.14104882627716953,0.8778612947634225,-0.478914968607463,-0.478914968607463,-0.8778612947634225
192,0.0,0.0,-0.9837972841284001,0.17928442135775233,0.08964221067887616,0.49189864206420003,-0.5688765008169273,0.8224229610232732,0.5688765008169273,-0.8224229610232732
193,0.0,0.0,0.22262416566875687,0.9749043444668251,0.48745217223341253,-0.11131208283437843,0.5319424157803424,-0.846780530181093,-0.8467805301810931,-0.5319424157803424
194,0.0,0.0,-0.2944371828364379,0.9556708352583236,0.4778354176291618,0.14721859141821894,0.46756279957626395,0.8839598568104811,-0.46756279957626395,-0.8839598568104811
195,0.0,0.0,-0.12960354816791425,-0.9915658930713014,0.4957829465356509,-0.0648017740839571,0.792786514759382,0.6094994192086428,-0.609499419208643,0.7927865147593817
196,0.0,0.0,-0.23019732741423013,0.9731439721086216,0.4865719860543108,0.11509866370711506,0.8508907929744408,-0.5253426105231966,-0.5253426105231966,-0.8508907929744407
197,0.0,0.0,-0.9865892391515853,-0.16322277166589272,-0.08161138583294636,0.4932946195757926,-0.8130398699387785,0.5822080125607462,0.8130398699387785,-0.5822080125607462
198,0.0,0.0,0.3204784548226475,-0.9472558049410353,0.4736279024705179,0.16023922741132365,0.8964234918214085,-0.4431985145628471,-0.8964234918214085,0.4431985145628471
199,0.0,0.0,0.7489704391841534,0.662603411724009,-0.3313017058620046,0.37448521959207665,0.06107071078799273,0.9981334421227701,-0.06107071078799273,-0.9981334421227701
200,0.0,0.0,0.9999959536441066,-0.0028447663197084575,0.0014223831598542287,0.4999979768220533,-0.7050923664252993,0.7091154735364131,-0.7091154735364131,-0.7050923664252993
201,0.0,0.0,0.030693598724864542,0.9995288405030227,0.49976442025151135,-0.015346799362432271,0.7284772729085849,0.6850699693138439,-0.7284772729085849,-0.6850699693138439
202,0.0,0.0,-0.9357316281173891,-0.35271280121478554,0.1763564006073928,-0.46786581405869443,0.9110677931628121,-0.4122565660622567,0.41225656606225686,0.9110677931628118
203,0.0,0.0,0.45078850627945233,-0.8926307873955168,-0.4463153936977585,-0.2253942531397261,-0.31242967319210213,-0.9499408925344125,0.31242967319210213,0.9499408925344125
204,0.0,0.0,0.9280897335974851,-0.3723566118534073,-0.18617830592670365,-0.4640448667987426,-0.9195544294375895,-0.3929626589152066,-0.3929626589152066,0.9195544294375895
205,0.0,0.0,-0.7548577876804063,-0.6558884969095301,0.32794424845476505,-0.3774288938402032,-0.06998185663330976,-0.9975482643672711,0.06998185663330976,0.9975482643672711
206,0.0,0.0,-0.44784124507380885,0.8941130908395988,-0.4470565454197994,-0.22392062253690442,0.31556184839362705,0.9489050109670605,0.9489050109670606,-0.31556184839362705
207,0.0,0.0,0.9982488053539158,-0.059155072559160984,-0.02957753627958049,-0.49912440267695796,0.6640395466289587,-0.7476974525252889,-0.6640395466289587,0.7476974525252889
208,0.0,0.0,0.9997034590007546,-0.024351469399733813,0.012175734699866905,0.4998517295003774,0.6896780058906727,-0.7241161841794898,-0.7241161841794898,-0.6896780058906729
209,0.0,0.0,0.8396486246597943,0.5431299909845855,-0.27156499549229274,0.41982431232989714,0.20967033661990991,0.9777721360018874,-0.20967033661990991,-0.9777721360018874
210,0.0,0.0,0.5848901240667824,0.8111125339736432,0.4055562669868218,-0.2924450620333911,0.9871229460548302,0.15996340010150428,-0.9871229460548302,-0.15996340010150428
211,0.0,0.0,0.9927411569617066,0.12027050874729348,-0.06013525437364675,0.4963705784808532,0.7870180963625686,-0.6169299117386341,-0.6169299117386342,-0.7870180963625685
212,0.0,0.0,0.9912625159714364,-0.13190384539495947,0.06595192269747972,0.4956312579857183,-0.6076583434360833,0.7941985505227989,-0.7941985505227988,-0.6076583434360833
213,0.0,0.0,-0.4767814609098128,0.8790218646499669,0.43951093232498345,0.2383907304549064,0.9586977254585926,-0.28442691715187757,-0.2844269171518776,-0.9586977254585924
214,0.0,0.0,0.8411378175925134,0.5408208315289859,-0.27041041576449293,0.4205689087962567,-0.9771923321132127,0.2123561773510262,-0.21235617735102616,-0.9771923321132127
215,0.0,0.0,-0.4228617342668746,0.9061942141135153,0.4530971070567579,0.21143086713343723,0.9397844736760921,-0.34176767406727,-0.3417676740672702,-0.9397844736760915
216,0.0,0.0,0.07537911352226431,-0.9971549474603221,0.49857747373016104,0.037689556761132156,0.7583961075743328,-0.6517939429114855,-0.7583961075743328,0.6517939429114855
217,0.0,0.0,-0.9809077966752762,0.19447337715393267,-0.09723668857696637,-0.490453898337638,0.5560931110020481,-0.8311199984936375,0.8311199984936378,0.556093111002048
218,0.0,0.0,0.7987225581687336,-0.6016994890079216,0.3008497445039608,0.3993612790843668,-0.13931634825379632,0.99024792608176,-0.9902479260817599,-0.1393163482537963
219,0.0,0.0,0.6478713814898384,-0.761749744369139,0.3808748721845696,0.3239356907449191,-0.08052416262237605,-0.9967526569986985,-0.9967526569986987,0.08052416262237597
220,0.0,0.0,0.5828215215162779,0.8126001932423171,0.4063000966211587,-0.2914107607581389,0.9867121571207628,0.16247805694952,-0.9867121571207628,-0.16247805694952
221,0.0,0.0,-0.5144244611649624,0.8575356982395183,0.4287678491197591,0.2572122305824812,0.9701223322326848,-0.2426162824367235,-0.24261628243672356,-0.9701223322326848
222,0.0,0.0,0.9886505274779801,0.1502335998287713,0.07511679991438563,-0.4943252637389901,0.8053126894043271,-0.5928502950023465,-0.8053126894043271,0.5928502950023465
223,0.0,0.0,0.7814953010587847,-0.6239111270229434,0.3119555635114717,0.39074765052939237,0.9937724156197538,0.11142883806842448,-0.9937724156197538,-0.11142883806842448
224,0.0,0.0,0.8690955558036032,-0.4946442306167388,0.24732211530836934,0.4345477779018017,-0.2647770712639209,0.9643096507517179,-0.9643096507517176,-0.264777071263921
225,0.0,0.0,0.06539324230445526,-0.9978595712127588,-0.4989297856063794,-0.03269662115222763,-0.659353264399187,-0.7518332745536976,0.659353264399187,0.7518332745536976
226,0.0,0.0,0.8914090683703999,0.45319959491047185,-0.22659979745523592,0.44570453418519995,0.9507819038480835,-0.30986089026370156,-0.30986089026370156,-0.9507819038480835
227,0.0,0.0,-0.7498781639652714,0.6615759512014272,0.33078797560071355,0.37493908198263576,-0.062439093439091625,0.9980487761680308,0.062439093439091625,-0.9980487761680308
228,0.0,0.0,0.9941115066703947,0.10836195045087127,0.05418097522543562,-0.49705575333519747,-0.6263195176358002,-0.7795664576086238,-0.7795664576086235,0.6263195176358003
229,0.0,0.0,0.3944195373264068,0.9189304808173593,-0.4594652404086796,0.19720976866320342,0.928678703900932,0.3708852449490065,0.3708852449490065,-0.9286787039009322
230,0.0,0.0,0.06872202044083396,0.9976358473443752,-0.49881792367218747,0.03436101022041699,0.754028879482549,0.6568412661414407,0.6568412661414406,-0.7540288794825492
231,0.0,0.0,-0.686237439100696,-0.7273776028834805,-0.3636888014417402,0.34311871955034806,-0.9995767821743171,-0.029090488789932006,0.9995767821743171,0.029090488789932006
232,0.0,0.0,-0.42395005314869644,-0.9056855704024536,0.4528427852012269,-0.21197502657434816,0.9401943659202218,0.3406384509885408,-0.34063845098854084,0.9401943659202215
233,0.0,0.0,-0.9740821260929379,-0.22619463217826913,-0.11309731608913459,0.4870410630464688,0.528836318511675,0.8487238350741767,0.8487238350741769,-0.5288363185116749
234,0.0,0.0,0.8333655342584034,-0.5527222506016973,0.2763611253008486,0.41668276712920177,0.19844476896811675,-0.9801120719944176,-0.9801120719944175,-0.1984447689681167
235,0.0,0.0,0.9908284042045234,0.1351261389277352,0.0675630694638676,-0.4954142021022617,-0.6050728744539069,-0.796170092756621,-0.7961700927566211,0.6050728744539069
236,0.0,0.0,0.5343605251231265,0.8452566646824716,0.42262833234123576,-0.2671802625615633,0.2198367685271321,-0.9755366703530667,-0.9755366703530665,-0.21983676852713216
237,0.0,0.0,-0.9996039779092194,-0.028140493031660302,0.014070246515830151,-0.4998019889546097,-0.6869284178320371,-0.7267250847292767,0.6869284178320371,0.7267250847292767
238,0.0,0.0,0.7333310350887483,-0.6798717474462846,-0.33993587372314227,-0.3666655175443742,0.037801424809388334,-0.9992852707222196,-0.037801424809388334,0.9992852707222196
239,0.0,0.0,0.9866804415065062,-0.16267054542395176,0.08133527271197588,0.4933402207532531,-0.5826629852847965,0.8127138768219777,-0.8127138768219778,-0.5826629852847965
240,0.0,0.0,-0.9865982544578905,-0.16316826989535543,0.08158413494767772,-0.49329912722894526,-0.5822529259165027,-0.8130077061514679,0.5822529259165027,0.8130077061514679
241,0.0,0.0,-0.4307339813953465,-0.9024789400707992,0.4512394700353996,-0.21536699069767326,0.3335740592699802,-0.9427238975342397,-0.3335740592699802,0.9427238975342397
242,0.0,0.0,0.08290701667417293,0.9965572871572352,-0.4982786435786175,0.04145350833708647,0.7632965292880042,0.6460483018914966,0.6460483018914965,-0.7632965292880043
243,0.0,0.0,-0.859492177493072,-0.5111488988819373,0.2555744494409686,-0.42974608874653614,-0.24631589448668828,-0.9691895996775978,0.24631589448668828,0.9691895996775978
244,0.0,0.0,0.9359599962209538,-0.3521063553446205,0.17605317767231024,0.4679799981104769,-0.41284686868411047,0.9108004518102331,-0.9108004518102331,-0.4128468686841105
245,0.0,0.0,0.997106072181307,-0.07602289667703357,0.038011448338516794,0.4985530360906534,0.7588167709674599,0.6513041594359104,-0.7588167709674599,-0.6513041594359104
246,0.0,0.0,0.25012195689194167,-0.9682143392248153,0.4841071696124076,0.12506097844597086,-0.5077679930659778,-0.8614938567498603,-0.8614938567498602,0.5077679930659779
247,0.0,0.0,0.9663297203866557,0.25730695967549655,0.12865347983774825,-0.4831648601933279,-0.5013548021144675,-0.8652417941805417,-0.8652417941805416,0.5013548021144675
248,0.0,0.0,-0.34625940093177165,-0.9381388102335233,-0.46906940511676165,0.17312970046588583,-0.9082066848588511,-0.41852194396195663,0.9082066848588511,0.41852194396195663
249,0.0,0.0,0.8641990302284703,-0.5031501129406324,-0.25157505647031614,-0.4320995151142352,-0.9668618513844878,-0.25530013775429117,-0.25530013775429117,0.966861851384488
250,0.0,0.0,-0.967042760539616,0.25461402021082596,0.12730701010541298,0.483521380269808,0.8638417939511648,0.5037631933986774,0.5037631933986774,-0.8638417939511648
251,0.0,0.0,-0.10778973032036347,-0.9941737142157118,0.4970868571078561,-0.053894865160181715,0.779205824251145,0.6267681257475483,-0.6267681257475486,0.7792058242511447
252,0.0,0.0,0.23047234601571429,0.9730788753857585,0.48653943769287916,-0.11523617300785717,0.5251021126709652,-0.8510392301583333,-0.851039230158333,-0.5251021126709653
253,0.0,0.0,-0.5296758458919427,0.8482001522510209,-0.42410007612551043,-0.26483792294597136,-0.9743054619210723,0.2252306969992455,0.9743054619210723,-0.2252306969992455
254,0.0,0.0,-0.7878964759570172,0.6158077160725688,-0.3079038580362844,-0.3939482379785086,-0.9925687529641039,-0.12168512908027694,0.9925687529641039,0.12168512908027694
255,0.0,0.0,-0.9782706018394378,0.20733217207347412,0.10366608603673709,0.4891353009197188,0.8383477612274012,0.5451357915648216,0.5451357915648217,-0.838347761227401
256,0.0,0.0,0.5872585077702284,0.8093994347981006,-0.4046997173990503,0.2936292538851142,0.9875863021881169,0.15707735588047445,0.15707735588047447,-0.9875863021881169
257,0.0,0.0,0.979086351534631,0.20344511849293595,-0.10172255924646796,0.48954317576731554,0.5484611756516777,0.8361760214229892,-0.5484611756516777,-0.8361760214229892
258,0.0,0.0,0.9814424087854616,0.19175713347198017,-0.09587856673599009,0.4907212043927308,0.8295773520151906,-0.5583918131773284,-0.5583918131773284,-0.8295773520151906
259,0.0,0.0,0.6136679980558759,-0.7895641760883615,0.39478208804418063,0.306833999027938,-0.12437738027156664,-0.9922349859165326,-0.9922349859165324,0.12437738027156671
260,0.0,0.0,-0.8974007610426784,-0.441216357448385,0.22060817872419244,-0.4487003805213393,0.9465452418974271,-0.3225710852530658,0.3225710852530658,0.9465452418974272
261,0.0,0.0,0.39633406486688516,0.9181063713024169,0.45905318565120834,-0.19816703243344264,0.3689487361159096,-0.9294497458811167,-0.9294497458811165,-0.36894873611590967
262,0.0,0.0,0.11480983088658626,0.9933874887131374,-0.4966937443565688,0.05740491544329312,-0.6212482196481487,0.7836138395817202,0.6212482196481487,-0.7836138395817202
263,0.0,0.0,-0.9940117513930082,-0.10927322678774068,0.054636613393870354,-0.497005875696504,0.7801402896528596,-0.6256046103253656,0.6256046103253657,0.7801402896528594
264,0.0,0.0,0.7256061060630051,0.6881102955515803,-0.3440551477757902,0.3628030530315025,0.9996484542563181,-0.02651354187871422,-0.026513541878714283,-0.9996484542563179
265,0.0,0.0,-0.49197039465472864,-0.87061192892314,0.43530596446157,-0.24598519732736432,0.2677399965200722,-0.9634912009268334,-0.2677399965200722,0.9634912009268334
266,0.0,0.0,0.7908427565589876,0.6120193905410038,0.3060096952705019,-0.3954213782794938,-0.12644721474592033,-0.9919733372843238,-0.9919733372843238,0.12644721474592036
267,0.0,0.0,0.9986786508600245,0.0513901966954879,0.025695098347743948,-0.4993393254300123,-0.6698340896794658,-0.7425108028192459,-0.7425108028192459,0.6698340896794659
268,0.0,0.0,-0.8486484231660802,0.5289573270668685,-0.2644786635334343,-0.42432421158304,-0.22605574193671282,0.9741143677912991,0.9741143677912993,0.22605574193671268
269,0.0,0.0,-0.7731121955458178,-0.6342692906789081,0.31713464533945407,-0.3865560977729089,-0.9951689926259052,0.0981767595510305,0.09817675955103046,0.9951689926259052
270,0.0,0.0,0.7957409096526137,0.6056371890044657,-0.30281859450223286,0.39787045482630684,0.9909239565667314,-0.13442362999909852,-0.13442362999909846,-0.9909239565667314
271,0.0,0.0,-0.34964863460631196,-0.9368809061550682,0.4684404530775341,-0.17482431730315598,-0.9097137624691867,-0.4152359213437056,-0.4152359213437056,0.9097137624691867
272,0.0,0.0,-0.776508961988025,-0.6301062068828395,0.3150531034414197,-0.38825448099401255,-0.9946271244284488,0.10352238091927017,0.10352238091927023,0.9946271244284489
273,0.0,0.0,0.8755149414323287,-0.4831910464078842,0.2415955232039421,0.43775747071616433,0.2774148865933039,-0.9607502176405812,-0.9607502176405812,-0.2774148865933039
274,0.0,0.0,-0.2207811265637257,-0.9753233792713326,0.48766168963566614,-0.11039056328186289,0.5335419435813221,-0.8457736070837542,-0.5335419435813221,0.8457736070837542
275,0.0,0.0,0.5265154215935424,0.8501655784752608,-0.4250827892376305,0.2632577107967711,-0.9734604706793286,-0.22885522066315309,0.22885522066315317,-0.9734604706793284
276,0.0,0.0,-0.7542983912371606,0.6565317486436063,0.32826587432180315,0.3771491956185803,0.9976075590120556,0.06913145595174378,0.0691314559517438,-0.9976075590120556
277,0.0,0.0,0.9419780650719264,0.33567443293070287,-0.1678372164653514,0.4709890325359633,-0.9034367453375909,0.42872140974509326,-0.4287214097450931,-0.9034367453375911
278,0.0,0.0,-0.08230301551614418,0.9966073517875278,0.49830367589376384,0.041151507758072095,0.6465107962457607,0.7629048370128951,-0.6465107962457607,-0.7629048370128951
279,0.0,0.0,-0.717626228410173,-0.6964284574152539,-0.34821422870762697,0.3588131142050865,0.01498908761654677,0.9998876573157722,0.9998876573157723,-0.014989087616546761
280,0.0,0.0,0.7658056732231756,0.6430720572837844,-0.3215360286418922,0.3829028366115878,0.9962269971041845,-0.08678577211028886,-0.08678577211028883,-0.9962269971041845
281,0.0,0.0,0.45371631537846496,-0.8911461749676026,0.4455730874838012,0.22685815768923254,-0.3093096200089584,-0.9509613866871323,-0.9509613866871319,0.3093096200089585
282,0.0,0.0,-0.24118733902517722,0.9704785765249814,-0.48523928826249063,-0.12059366951258862,-0.8567771854181236,0.5156867794960404,0.8567771854181236,-0.5156867794960404
283,0.0,0.0,-0.03169789061838255,0.9994974956098415,-0.49974874780492073,-0.015848945309191276,-0.7291652503302581,0.6843376635191226,0.7291652503302581,-0.6843376635191226
284,0.0,0.0,-0.2738569336246831,-0.9617704403368226,0.4808852201684111,-0.1369284668123416,0.8737204951479064,0.48642830546597127,-0.4864283054659711,0.8737204951479067
285,0.0,0.0,0.7295172492075712,0.6839624135203767,-0.3419812067601884,0.36475862460378555,0.999481054584206,-0.03221213323025409,-0.032212133230254125,-0.9994810545842059
286,0.0,0.0,0.8151268132800602,0.5792825547795254,-0.2896412773897627,0.4075634066400301,-0.9859963199049813,0.16676707448964118,-0.1667670744896412,-0.9859963199049814
287,0.0,0.0,0.42131316049808665,-0.9069152224938744,-0.4534576112469372,-0.21065658024904332,-0.3433725109953917,-0.9391992965780583,0.3433725109953917,0.9391992965780583
288,0.0,0.0,-0.7295475706351665,0.6839300711186245,-0.34196503555931224,-0.36477378531758325,0.03225644324892092,-0.9994796255396751,0.999479625539675,0.032256443248920914
289,0.0,0.0,0.615473082130358,-0.7881579062427515,0.39407895312137586,0.30773654106517895,0.9925169901622019,-0.12210661013787974,-0.9925169901622019,0.12210661013787974
290,0.0,0.0,0.9915285692738465,0.12988878440327228,-0.06494439220163616,0.4957642846369231,0.6092713348221009,0.7929618153253634,-0.6092713348221009,-0.7929618153253634
291,0.0,0.0,-0.9957175162487492,-0.0924479736685561,0.04622398683427805,-0.4978587581243746,-0.7694491969737082,0.6387080187977254,0.6387080187977253,0.7694491969737082
292,0.0,0.0,-0.2796515959174556,0.9601015492648786,0.4800507746324392,0.13982579795872782,0.8766378559557787,-0.48115077627003267,-0.48115077627003255,-0.8766378559557788
293,0.0,0.0,0.12839093725975978,-0.9917236345018509,-0.49586181725092554,-0.06419546862987988,-0.7920406093985007,0.6104684046399552,0.6104684046399553,0.7920406093985005
294,0.0,0.0,-0.6757956088214038,-0.7370890686326232,-0.36854453431631157,0.33789780441070194,-0.04334102107489834,0.9990603364623105,0.9990603364623103,0.04334102107489837
295,0.0,0.0,-0.6840923204781171,0.7293954325760925,-0.36469771628804626,-0.34204616023905854,-0.03203413777333275,-0.9994867753087676,0.9994867753087676,-0.03203413777333275
296,0.0,0.0,-0.6229862560946031,-0.7822327816687495,0.39111639083437477,-0.31149312804730156,0.9936399106549018,0.11260429811387586,-0.11260429811387589,0.9936399106549018
297,0.0,0.0,-0.44964383953532416,-0.8932079363552091,-0.44660396817760445,0.22482191976766214,-0.9495395968605939,-0.31364718075222686,0.9495395968605939,0.31364718075222686
298,0.0,0.0,0.8598187833742917,-0.5105993142932653,0.25529965714663266,0.42990939168714587,0.9690319299214979,0.2469354547095596,-0.9690319299214979,-0.2469354547095596
299,0.0,0.0,0.06888466374371721,0.997624630359994,-0.4988123151799969,0.03444233187185861,-0.6567183283533369,0.7541359540592122,0.6567183283533369,-0.7541359540592122
300,0.0,0.0,0.7329529747291934,-0.6802793079578611,-0.34013965397893053,-0.3664764873645967,-0.99930613047976,-0.03724590696396959,-0.037245906963969594,0.99930613047976
301,0.0,0.0,-0.9840180379028564,-0.1780688099634894,0.08903440498174471,-0.49200901895142807,-0.8217194904539928,0.5698921643679886,0.5698921643679888,0.8217194904539926
302,0.0,0.0,0.5729021598983105,-0.819623764408921,0.40981188220446046,0.2864510799491553,0.9846645240557083,-0.17445851961467812,-0.9846645240557083,0.17445851961467812
303,0.0,0.0,0.9993075219772714,-0.037208554388003294,0.018604277194001644,0.49965376098863573,0.6803067041549479,-0.7329275464067591,-0.732927546406759,-0.6803067041549479
304,0.0,0.0,0.9179302587643149,-0.39674178005962213,0.19837089002981104,0.4589651293821575,-0.3685359075683887,0.92961351368875,-0.9296135136887498,-0.3685359075683888
305,0.0,0.0,0.9850070139035039,-0.1725142966855287,-0.08625714834276435,-0.49250350695175193,-0.8184911680854448,-0.5745191100095142,-0.5745191100095142,0.8184911680854448
306,0.0,0.0,0.9999956996307378,-0.0029326984213632005,0.0014663492106815998,0.499997849815369,0.7050300094253595,-0.7091774713072017,-0.7091774713072015,-0.7050300094253596
307,0.0,0.0,-0.8828698623764737,0.46961772337439145,0.23480886168719572,0.44143493118823685,0.9563531433550588,0.2922133898282181,0.2922133898282181,-0.9563531433550588
308,0.0,0.0,-0.6283185398033961,-0.7779561764902491,0.3889780882451244,-0.3141592699016982,0.10580978762200244,-0.9943863881024247,-0.10580978762200244,0.9943863881024247
309,0.0,0.0,-0.9906919890010534,0.1361226760284171,-0.06806133801420856,-0.4953459945005266,-0.6042717561968801,0.7967782907827864,0.7967782907827866,0.60427175619688
310,0.0,0.0,-0.4049540019344317,-0.9143370583746938,0.4571685291873469,-0.20247700096721585,0.36018821343043916,-0.932879655103373,-0.36018821343043916,0.932879655103373
311,0.0,0.0,0.4730392695406854,-0.8810413437929093,-0.4405206718964549,-0.2365196347703426,-0.28850103344192507,-0.9574795839614241,0.28850103344192507,0.9574795839614241
312,0.0,0.0,0.7304302165658352,-0.682987334236578,-0.341493667118289,-0.3652151082829176,0.033547183814053146,-0.9994371348204678,-0.033547183814053146,0.9994371348204678
313,0.0,0.0,-0.20473030967642475,-0.9788184204947288,0.4894092102473646,-0.10236515483821233,-0.8368953329687503,-0.5473629523955065,-0.5473629523955067,0.83689533296875
314,0.0,0.0,0.28467068618371044,0.958625370219094,-0.47931268510954683,0.14233534309185528,-0.879143072504915,-0.4765579272938566,0.47655792729385643,-0.8791430725049153
315,0.0,0.0,-0.7079604485873076,0.7062520819339635,0.3531260409669817,0.35398022429365383,0.9999992703705779,0.0012079976453326052,0.0012079976453326319,-0.9999992703705781
316,0.0,0.0,-0.8504134775126094,0.5261149278103697,0.26305746390518486,0.4252067387563047,-0.2293137036234163,0.9733525698997829,0.2293137036234163,-0.9733525698997829
317,0.0,0.0,-0.6851514387206147,0.728400649381281,-0.3642003246906405,-0.34257571936030734,-0.9995322670572544,0.030581810139122655,0.9995322670572544,-0.030581810139122655
318,0.0,0.0,0.3648696574560837,0.9310586088253952,0.4655293044126976,-0.18243482872804184,0.9163596650189595,0.4003560469461404,-0.9163596650189595,-0.4003560469461404
319,0.0,0.0,-0.9993112470955156,-0.03710837410080725,-0.018554187050403625,0.4996556235477578,0.6803801763717365,0.7328593423027127,0.7328593423027125,-0.6803801763717365
320,0.0,0.0,0.3523518421405555,0.9358676078058032,0.4679338039029015,-0.17617592107027777,0.9109087087134743,0.412607954831157,-0.9109087087134743,-0.412607954831157
321,0.0,0.0,0.8161907053761311,-0.5777825996493954,-0.2888912998246977,-0.40809535268806557,0.16857998824921425,-0.9856879767765734,-0.16857998824921425,0.9856879767765734
322,0.0,0.0,-0.6846526546018801,0.7288694962382491,0.36443474811912463,0.34232632730094,0.9995110982164492,-0.03126602856372837,-0.03126602856372832,-0.9995110982164491
323,0.0,0.0,-0.830105164606634,-0.5576068648191068,0.27880343240955346,-0.4150525823033169,-0.981260586341087,0.192685395641565,0.19268539564156506,0.9812605863410868
324,0.0,0.0,0.8446518730067749,0.5353159939943388,-0.2676579969971694,0.42232593650338746,-0.9757846365760232,0.21873349771399495,-0.218733497713995,-0.9757846365760232
325,0.0,0.0,0.86290519028049,0.50536584034439,-0.252682920172195,0.431452595140245,0.9675137242559588,-0.25281849888084623,-0.25281849888084623,-0.9675137242559588
326,0.0,0.0,0.6050670709998891,-0.7961745032287928,-0.39808725161439634,-0.3025335354999446,-0.9908274192176137,0.13513336126420622,0.1351333612642063,0.9908274192176139
327,0.0,0.0,-0.8225759761244666,-0.5686552237541485,-0.28432761187707417,0.4112879880622334,-0.9837490156324658,0.17954908588504215,0.9837490156324658,-0.17954908588504215
328,0.0,0.0,-0.5395254582363789,0.8419692868001927,-0.4209846434000962,-0.2697627291181895,0.2138600821054942,0.9768643023889403,0.9768643023889401,-0.21386008210549431
329,0.0,0.0,0.7948567126789625,0.6067971706502865,-0.3033985853251432,0.3974283563394813,0.9911189657785697,-0.13297817743531343,-0.1329781774353134,-0.9911189657785698
330,0.0,0.0,-0.20402212458984506,0.9789662775999212,0.4894831387999607,0.1020110622949225,0.5479682656342905,0.8364991212534224,-0.5479682656342905,-0.8364991212534224
331,0.0,0.0,-0.338818505149137,-0.9408517527052308,-0.4704258763526156,0.1694092525745684,-0.4257017918466737,0.9048635170115611,0.9048635170115615,0.4257017918466735
332,0.0,0.0,-0.06562758136330618,0.997844186516313,0.4989220932581564,0.0328137906816531,0.6591766830383932,0.7519880986681248,-0.6591766830383932,-0.7519880986681248
333,0.0,0.0,-0.2687331206224047,-0.9632146748677286,0.4816073374338643,-0.13436656031120234,0.8711186402588912,0.4910726164158417,-0.49107261641584166,0.8711186402588913
334,0.0,0.0,-0.9872341705221614,0.15927552402494194,-0.07963776201247097,-0.4936170852610807,0.5854551734802195,-0.810704779710374,0.810704779710374,0.5854551734802194
335,0.0,0.0,-0.5417352284390344,-0.8405491908675584,0.4202745954337792,-0.2708676142195172,0.2112933791464315,-0.9774226864202007,-0.2112933791464315,0.9774226864202007
336,0.0,0.0,0.7677093864175744,-0.6407981725991039,-0.3203990862995519,-0.3838546932087873,0.08973977989965641,-0.9959652463332046,-0.08973977989965641,0.9959652463332046
337,0.0,0.0,0.8608957825336297,0.508781339689074,-0.25439066984453695,0.43044789126681493,0.24898251028910845,0.9685079811597496,-0.24898251028910845,-0.9685079811597496
338,0.0,0.0,-0.5749406672956611,0.8181951045377991,0.40909755226889954,0.28747033364783053,0.17200686212763325,0.9850957513769945,-0.17200686212763325,-0.9850957513769945
339,0.0,0.0,-0.8070886674647878,-0.5904302523159816,0.29521512615799084,-0.4035443337323938,0.9881951050134807,-0.15320063455285093,0.15320063455285096,0.9881951050134805
340,0.0,0.0,0.0041137753882059406,0.9999915383902283,0.4999957691951141,-0.0020568876941029703,0.7041919194516194,-0.7100096763981768,-0.7100096763981768,-0.7041919194516194
341,0.0,0.0,0.8948126550749855,-0.4464418353130176,0.22322091765650887,0.44740632753749265,0.948410145450264,0.3170460471398586,-0.948410145450264,-0.3170460471398586
342,0.0,0.0,-0.8844264269248125,0.4666796496066753,0.23333982480333765,0.4422132134624063,-0.29539157906048147,0.9553762688177654,0.29539157906048147,-0.9553762688177654
343,0.0,0.0,-0.4226507797951328,0.9062926229086089,0.4531463114543044,0.21132538989756644,0.34198642693109915,0.9397048918649406,-0.34198642693109915,-0.9397048918649406
344,0.0,0.0,-0.8711112291229549,-0.49108576287232636,0.24554288143616318,-0.43555561456147746,-0.26871858420939887,-0.9632187303517805,0.26871858420939887,0.9632187303517805
345,0.0,0.0,-0.7868872078344071,-0.6170968498919521,0.30854842494597606,-0.39344360391720357,-0.12005991348120115,-0.9927666478961138,0.12005991348120115,0.9927666478961138
346,0.0,0.0,0.24175051563178307,0.9703384400258329,0.48516922001291646,-0.12087525781589153,0.8570763199468207,0.5151894620296642,-0.8570763199468207,-0.5151894620296642
347,0.0,0.0,-0.06756441385786624,-0.9977149141814223,0.49885745709071116,-0.03378220692893312,0.7532662367144295,0.6577157263028465,-0.6577157263028465,0.7532662367144295
348,0.0,0.0,0.9403341408320632,-0.3402524115794413,-0.17012620578972065,-0.4701670704160316,-0.9055114351064769,-0.42432186002067873,-0.42432186002067873,0.9055114351064769
349,0.0,0.0,-0.9256161854917483,0.3784635744106763,-0.18923178720533815,-0.46280809274587414,-0.9221236414351291,-0.38689532163935164,0.9221236414351291,0.38689532163935164
350,0.0,0.0,-0.9674534641136535,-0.2530489967861785,-0.1265244983930892,0.4837267320568268,-0.8630255665571401,0.505160243357221,0.8630255665571401,-0.505160243357221
351,0.0,0.0,-0.3380726149345647,-0.9411200279620584,-0.4705600139810292,0.16903630746728235,-0.4264189151287455,0.9045257922361438,0.9045257922361438,0.42641891512874547
352,0.0,0.0,0.2289972700837837,0.973427064701909,-0.48671353235095444,0.11449863504189187,-0.5263913558917851,0.8502424009906867,0.5263913558917851,-0.8502424009906867
353,0.0,0.0,-0.3491787361680181,-0.9370561403715923,0.46852807018579606,-0.17458936808400907,0.41569209901869214,-0.9095054033998002,-0.41569209901869214,0.9095054033998002
354,0.0,0.0,-0.6150713405364453,-0.7884714617858406,0.3942357308929203,-0.30753567026822265,0.9924546332076583,0.12261240159401691,-0.12261240159401697,0.9924546332076583
355,0.0,0.0,0.606109951649745,0.795380868836524,-0.397690434418262,0.3030549758248725,-0.13383474902416886,0.9910036629365391,0.13383474902416886,-0.9910036629365391
356,0.0,0.0,-0.6745996905305042,0.7381837559416677,-0.3690918779708338,-0.33729984526525214,0.04496072382764266,0.9989887553485745,0.9989887553485745,-0.04496072382764266
357,0.0,0.0,0.5679437842520361,-0.8230673471408502,-0.4115336735704251,-0.28397189212601803,-0.18039960135915306,-0.9835934037138815,0.18039960135915306,0.9835934037138815
358,0.0,0.0,0.21536581540604993,0.9765334431316149,0.4882667215658074,-0.10768290770302498,0.5382267911844244,-0.8428000482032008,-0.8428000482032006,-0.5382267911844245
359,0.0,0.0,0.7858070262839948,-0.6184717596161571,0.3092358798080786,0.3929035131419973,-0.11832390179248718,0.992975052186409,-0.9929750521864092,-0.11832390179248713
360,0.0,0.0,0.543204165089319,0.8396006402031954,0.41980032010159757,-0.27160208254465956,0.20958395747281156,-0.9777906548796804,-0.9777906548796802,-0.2095839574728116
361,0.0,0.0,0.3196127720600134,-0.9475482446483208,0.4737741223241604,0.1598063860300067,0.4440174308147716,0.8960181477697031,-0.896018147769703,0.4440174308147716
362,0.0,0.0,0.1045087064074685,0.9945239716995449,-0.4972619858497722,0.05225435320373427,-0.6293358294475709,0.7771334594350812,0.6293358294475709,-0.7771334594350812
363,0.0,0.0,0.9223574940447822,0.38633748611729307,0.19316874305864654,-0.4611787470223911,-0.3790233824571945,-0.9253870949773976,-0.9253870949773977,0.37902338245719447
364,0.0,0.0,0.9658884017544087,-0.2589586749972158,-0.12947933749860788,-0.4829442008772044,-0.8660976738875933,-0.49987480361236425,-0.49987480361236425,0.8660976738875934
365,0.0,0.0,0.9895348373159399,-0.144294163908718,0.07214708195435898,0.49476741865797,0.5976754119009305,-0.8017381754719259,-0.8017381754719258,-0.5976754119009305
366,0.0,0.0,0.9999676190325495,0.008047414887650872,0.004023707443825436,-0.49998380951627475,-0.7013935027468022,-0.7127742660229613,-0.7127742660229613,0.7013935027468023
367,0.0,0.0,-0.3167368781180553,-0.9485134422031287,-0.4742567211015643,0.15836843905902767,-0.8946670813975605,-0.44673349265929274,0.8946670813975605,0.44673349265929274
368,0.0,0.0,-0.22381862187752247,-0.9746308144630182,-0.48731540723150896,0.11190931093876128,-0.5309043927747439,0.8474317233455919,0.8474317233455916,0.5309043927747441
369,0.0,0.0,0.3893046565489898,0.9211090513013499,-0.46055452565067484,0.19465232827449497,0.9266024189807823,0.37604249379420135,0.37604249379420124,-0.9266024189807827
370,0.0,0.0,0.8780684027567472,0.4785351398593579,0.239267569929679,-0.4390342013783735,0.9592635643655414,-0.28251267950433145,-0.9592635643655414,0.28251267950433145
371,0.0,0.0,-0.841612555356705,0.5400817592420223,-0.2700408796210112,-0.4208062776783524,-0.977005419379659,-0.2132144706692702,0.977005419379659,0.2132144706692702
372,0.0,0.0,-0.21307066414477815,-0.9770367915697461,0.48851839578487316,-0.10653533207238905,-0.841533052276409,-0.5402056292990208,-0.540205629299021,0.8415330522764087
373,0.0,0.0,0.9689075833137911,0.24742290717924537,0.12371145358962271,-0.48445379165689545,-0.5101667070169172,-0.8600755379915853,-0.8600755379915855,0.5101667070169171
374,0.0,0.0,-0.08024279150594114,0.9967753480154563,-0.4983876740077281,-0.04012139575297058,-0.7615668299164992,0.6480863858861207,0.7615668299164992,-0.6480863858861207
375,0.0,0.0,0.7473504998880661,0.66443000407647,0.33221500203823506,-0.373675249944033,-0.0586336448877302,-0.9982795679002849,-0.998279567900285,0.05863364488773022
376,0.0,0.0,-0.981971290494978,-0.18903011570548017,-0.09451505785274007,0.49098564524748906,-0.8280230351033268,0.5606940817756814,0.8280230351033268,-0.5606940817756814
377,0.0,0.0,0.7858694265037584,-0.618392468006083,0.3091962340030416,0.39293471325187906,-0.11842409304620406,0.9929631081697768,-0.9929631081697771,-0.11842409304620405
378,0.0,0.0,0.8388967433121615,0.5442905970713163,-0.2721452985356582,0.4194483716560806,0.20831800378613718,0.9780611480365422,-0.20831800378613718,-0.9780611480365422
379,0.0,0.0,-0.42094211978781937,0.9070874995217038,0.4535437497608518,0.2104710598939097,0.9390587494303528,-0.3437566946523388,-0.3437566946523387,-0.939058749430353
380,0.0,0.0,-0.31963169920685586,-0.9475418602162852,-0.4737709301081426,0.15981584960342793,-0.4439995328257043,0.8960270168083975,0.8960270168083975,0.44399953282570426
381,0.0,0.0,0.9183202574086919,-0.3958382306357413,-0.1979191153178707,-0.45916012870434586,0.3694505841792446,-0.929250378450079,-0.3694505841792446,0.929250378450079
382,0.0,0.0,-0.3364644363876113,-0.941696173426635,0.4708480867133175,-0.16823221819380565,0.427963465449607,-0.9037960346451863,-0.427963465449607,0.9037960346451863
383,0.0,0.0,0.8646298924911777,0.5024093440718373,-0.2512046720359186,0.43231494624558897,-0.9666427143217887,0.25612860607242594,-0.2561286060724258,-0.9666427143217889
384,0.0,0.0,0.11324376459192861,-0.9935672346555354,0.49678361732776766,0.056621882295964314,0.622482695319649,0.7826335630597405,-0.7826335630597404,0.622482695319649
385,0.0,0.0,-0.9666380128172992,-0.25614634913779843,0.12807317456889922,-0.4833190064086496,-0.8646391142673152,0.5023934733642869,0.5023934733642869,0.8646391142673153
386,0.0,0.0,0.24414572652391858,-0.9697385545703068,0.48486927728515333,0.1220728632619593,0.5130716090919255,0.858345806737484,-0.8583458067374838,0.5130716090919255
387,0.0,0.0,-0.33439294811078657,0.9424337410416592,-0.4712168705208297,-0.16719647405539326,-0.9028528102996625,0.42994976791946543,0.9028528102996625,-0.42994976791946543
388,0.0,0.0,0.9205719039503728,0.39057312971732466,0.1952865648586624,-0.4602859519751863,-0.37476572728074625,-0.9271195444254928,-0.927119544425493,0.3747657272807462
389,0.0,0.0,0.13063267806720247,0.9914308364283365,-0.4957154182141685,0.0653163390336012,-0.6086762150100498,0.7934187200218055,0.6086762150100498,-0.7934187200218055
390,0.0,0.0,-0.7638641352737419,0.6453770857742769,-0.3226885428871384,-0.381932067636871,-0.08378299618385786,0.9964840237306645,0.9964840237306642,0.08378299618385786
391,0.0,0.0,-0.5273401951101043,0.8496542347456624,-0.4248271173728312,-0.26367009755505216,0.2279104430979327,0.9736820990071163,0.9736820990071163,-0.22791044309793274
392,0.0,0.0,-0.9793484508709104,0.20217965223223647,-0.10108982611611823,-0.4896742254354552,-0.8354665338667134,-0.5495413276440088,0.8354665338667134,0.5495413276440088
393,0.0,0.0,-0.8871596794336905,-0.4614625696490579,-0.23073128482452895,0.4435798397168452,-0.9536199375854645,0.3010133130602278,0.9536199375854645,-0.3010133130602278
394,0.0,0.0,0.40484818429671465,-0.9143839170018541,0.45719195850092714,0.20242409214835727,-0.3602961718526603,-0.9328379647871962,-0.9328379647871964,0.3602961718526602
395,0.0,0.0,-0.5456589382490353,-0.8380073526580392,-0.4190036763290195,0.2728294691245177,-0.20672154629774148,0.9783998171996305,0.9783998171996304,0.20672154629774153
396,0.0,0.0,0.43950889137727445,-0.8982382392218219,-0.4491191196109109,-0.21975444568863725,-0.9459300675594668,0.32437063259016197,0.32437063259016197,0.945930067559467
397,0.0,0.0,0.9292685227001546,-0.3694049440907258,-0.1847024720453629,-0.4646342613500773,0.3958833329740948,-0.918300814914874,-0.3958833329740948,0.918300814914874
398,0.0,0.0,-0.4724863329460537,0.8813379971266365,0.44066899856331837,0.2362431664730268,0.9572983643297341,-0.2891017842414952,-0.28910178424149535,-0.9572983643297338
399,0.0,0.0,-0.7711002881554403,0.6367137077263199,-0.31835685386316,-0.38555014407772004,0.09502566232190238,-0.9954748231373226,0.9954748231373229,0.09502566232190228
400,0.0,0.0,-0.9784070767230864,-0.2066871844556026,-0.10334359222780129,0.48920353836154323,0.5456883689988896,0.8379881884247125,0.8379881884247122,-0.5456883689988897
401,0.0,0.0,-0.9276542666832716,-0.37344017125146345,0.18672008562573175,-0.46382713334163567,-0.9200127000277506,0.39188854510899973,0.3918885451089998,0.9200127000277505
402,0.0,0.0,-0.8466266415801835,-0.5321873070326454,0.26609365351632264,-0.4233133207900918,-0.974968693058731,0.22234218573034975,0.2223421857303497,0.9749686930587311
403,0.0,0.0,-0.23227182391123416,-0.972650913646283,-0.4863254568231417,0.11613591195561702,-0.8520090385327793,-0.5235270750003764,0.8520090385327793,0.5235270750003764
404,0.0,0.0,0.9916726101705414,0.1287844487410863,-0.06439222437054315,0.4958363050852707,-0.7922827843847469,0.61015407035236,-0.61015407035236,-0.7922827843847469
405,0.0,0.0,-0.9976461303120149,-0.06857257960338227,-0.034286289801691135,0.49882306515600744,-0.7539304800091496,0.6569542079271378,0.7539304800091496,-0.6569542079271378
406,0.0,0.0,0.40272817777014175,-0.9153196244099331,-0.4576598122049665,-0.2013640888850709,-0.3624568878972187,-0.932000538849556,0.3624568878972187,0.932000538849556
407,0.0,0.0,0.386049202347148,0.9224781912691108,0.4612390956345552,-0.1930246011735741,0.37931257569176297,-0.9252685933944153,-0.9252685933944148,-0.3793125756917631
408,0.0,0.0,-0.48212383909001844,-0.8761030782853708,0.43805153914268563,-0.2410619195450091,0.2785853916817508,-0.9604114636662381,-0.2785853916817508,0.9604114636662381
409,0.0,0.0,-0.6401476541183128,0.7682518993968198,-0.38412594969841,-0.3200738270591563,0.09058338053521722,0.9958888749106559,0.9958888749106561,-0.09058338053521713
410,0.0,0.0,-0.9995735065337372,0.029202825819590633,-0.01460141290979532,-0.4997867532668685,-0.6861556885975791,0.7274547209312633,0.7274547209312635,0.686155688597579
411,0.0,0.0,-0.9969735741465526,0.0777411889119848,-0.038870594455992405,-0.4984867870732762,-0.6499954530856477,0.7599380967999853,0.7599380967999855,0.6499954530856475
412,0.0,0.0,0.6606530052282547,-0.7506914190816864,0.3753457095408433,0.33032650261412727,0.9979712130193834,-0.06366677300304245,-0.9979712130193834,0.06366677300304245
413,0.0,0.0,0.9648094885715925,0.26294990162048304,-0.1314749508102415,0.4824047442857963,0.8681569904702768,-0.4962896733739188,-0.49628967337391877,-0.8681569904702771
414,0.0,0.0,0.07070877540181124,-0.9974970020411971,0.49874850102059837,0.03535438770090563,-0.6553382397805643,-0.7553355489325991,-0.7553355489325989,0.6553382397805646
415,0.0,0.0,0.24994337712549392,-0.9682604547491875,0.4841302273745939,0.12497168856274693,-0.5079268766298175,-0.8614001903860239,-0.8614001903860242,0.5079268766298174
416,0.0,0.0,0.8792673951627091,-0.4763285082837096,0.23816425414185477,0.4396336975813546,0.2849208193158997,-0.958551055875667,-0.9585510558756668,-0.2849208193158998
417,0.0,0.0,-0.0011033045686466246,-0.9999993913593291,0.49999969567966457,-0.0005516522843233123,0.7078865049548059,0.7063261966703976,-0.7063261966703976,0.7078865049548059
418,0.0,0.0,-0.2921483460122826,-0.9563730150533775,-0.47818650752668884,0.14607417300614128,-0.4696777677103485,0.882837920865786,0.8828379208657863,0.4696777677103484
419,0.0,0.0,-0.6152284772674697,0.7883488572701495,-0.39417442863507474,-0.3076142386337348,0.12241459466148687,0.9924790511712898,0.9924790511712898,-0.12241459466148691
420,0.0,0.0,-0.9763343738603418,-0.21626648010899396,0.10813324005449697,-0.48816718693017097,-0.5374491618337545,-0.8432961510905849,0.5374491618337545,0.8432961510905849
421,0.0,0.0,-0.40881451678705844,-0.9126174942790458,0.456308747139523,-0.20440725839352916,-0.9343935359018193,-0.3562425017665579,-0.356242501766558,0.9343935359018191
422,0.0,0.0,-0.35629242783676246,0.9343744997944804,-0.4671872498972402,-0.17814621391838123,-0.9126393367812587,0.40876575316367203,0.9126393367812587,-0.40876575316367203
423,0.0,0.0,0.6202249659450957,0.7844239871513394,-0.39221199357566966,0.3101124829725479,-0.1161062413591286,0.9932367999210739,0.1161062413591286,-0.9932367999210739
424,0.0,0.0,-0.9404702025955615,0.33987615101660673,-0.16993807550830334,-0.4702351012977808,-0.42468412661178195,0.9053415889066334,0.9053415889066333,0.424684126611782
425,0.0,0.0,0.7099028519781848,0.704299610076024,0.352149805038012,-0.3549514259890924,0.9999921508892422,-0.003962090345646489,-0.9999921508892422,0.003962090345646489
426,0.0,0.0,0.8738534942272261,-0.4861893361920508,0.24309466809602537,0.4369267471136131,-0.274119954969646,0.9616955080936164,-0.9616955080936164,-0.274119954969646
427,0.0,0.0,0.3620054492434865,0.9321759784064495,-0.4660879892032247,0.18100272462174327,0.9151244635769568,0.4031714476038532,0.4031714476038532,-0.9151244635769569
428,0.0,0.0,-0.23433319080949735,-0.9721563432313958,0.4860781716156977,-0.11716659540474872,0.5217197543939598,-0.8531169309509136,-0.5217197543939598,0.8531169309509136
429,0.0,0.0,0.1927401939107969,0.9812498242808648,-0.49062491214043225,0.09637009695539847,-0.8301363029086419,-0.557560506665573,0.5575605066655728,-0.8301363029086423
430,0.0,0.0,0.5946222159199113,0.8040052365093738,-0.4020026182546868,0.2973111079599557,-0.9889789559664126,-0.14805615372413136,0.14805615372413133,-0.9889789559664128
431,0.0,0.0,-0.078293661274312,0.9969303398955532,-0.4984651699477766,-0.039146830637156,-0.6495742248997668,-0.760298182521744,0.760298182521744,-0.6495742248997668
432,0.0,0.0,-0.4285908348803886,0.9034986974293495,0.4517493487146747,0.21429541744019434,0.335810570047179,0.9419295414438325,-0.335810570047179,-0.9419295414438325
433,0.0,0.0,-0.8104221435413671,-0.5858463529440257,0.2929231764720128,-0.40521107177068355,-0.9873109222219661,0.1587990644217102,0.15879906442171018,0.9873109222219663
434,0.0,0.0,0.2907059928501999,-0.9568124297483699,-0.47840621487418483,-0.14535299642509997,-0.8821287362745935,0.47100837852270505,0.47100837852270494,0.8821287362745938
435,0.0,0.0,0.8947764932545995,-0.44651430785474455,0.22325715392737228,0.44738824662729976,-0.3169692310457388,0.9484358210075539,-0.9484358210075539,-0.3169692310457388
436,0.0,0.0,0.6520935676319404,0.7581384959577296,-0.37906924797886493,0.32604678381597013,-0.07498508792960713,0.997184655210954,0.07498508792960713,-0.997184655210954
437,0.0,0.0,-0.9751206465033463,0.2216748176110576,-0.11083740880552878,-0.4875603232516732,-0.8462621883685963,-0.5327666548664566,0.8462621883685963,0.5327666548664566
438,0.0,0.0,0.9999881679440221,-0.004864562874283837,-0.0024322814371419183,-0.4999940839720111,0.7036586492636158,-0.7105381800554447,-0.7036586492636158,0.7105381800554447
439,0.0,0.0,-0.6738037621780136,0.7389103396723817,-0.3694551698361908,-0.33690188108900687,-0.9989397212962773,0.04603730244611504,0.9989397212962773,-0.04603730244611504
440,0.0,0.0,0.9998523190045349,0.01718546424318708,-0.00859273212159354,0.49992615950226743,-0.7191543132573982,0.6948503966490052,-0.694850396649005,-0.7191543132573982
441,0.0,0.0,-0.3761101569747319,0.9265749563961043,-0.46328747819805216,-0.18805507848736594,-0.38923739247534517,-0.9211374774152846,0.9211374774152846,-0.3892373924753451
442,0.0,0.0,0.8193436855164714,-0.5733026469538453,0.28665132347692257,0.40967184275823576,0.984749665484336,0.17397728681781383,-0.984749665484336,-0.17397728681781383
443,0.0,0.0,-0.11431797435596744,0.9934442111860876,-0.4967221055930436,-0.05715898717798375,0.6216361235815884,0.7833061533388176,0.7833061533388171,-0.6216361235815887
444,0.0,0.0,-0.8890729017536059,-0.4577656336679537,0.22888281683397685,-0.44453645087680294,-0.3049802940384088,-0.9523586615599428,0.3049802940384088,0.9523586615599428
445,0.0,0.0,0.8867851499052143,0.4621818883379001,-0.2310909441689501,0.44339257495260703,0.30023984556817307,0.9538637403388387,-0.30023984556817307,-0.9538637403388387
446,0.0,0.0,-0.8451216321948746,0.5345740610956264,0.26728703054781316,0.4225608160974374,0.9755921806995881,0.21959029340529,0.2195902934052899,-0.9755921806995884
447,0.0,0.0,0.12120578189765034,-0.9926274016138077,-0.49631370080690396,-0.06060289094882516,-0.7875989971715522,0.6161881365738596,0.6161881365738598,0.7875989971715521
448,0.0,0.0,0.9922208322211916,0.12449024100822527,0.062245120504112635,-0.4961104161105958,0.7896339725066279,-0.6135781852897004,-0.7896339725066279,0.6135781852897004
449,0.0,0.0,-0.5343859996031096,0.845240559502551,-0.4226202797512755,-0.2671929998015548,0.21980736726765476,0.9755432954486757,0.9755432954486757,-0.21980736726765474
450,0.0,0.0,0.06552247570415923,0.9978510936896338,0.4989255468448171,-0.0327612378520796,0.751918661852895,0.6592558880718112,-0.751918661852895,-0.6592558880718112
451,0.0,0.0,-0.9342019079154309,0.3567447199990054,-0.1783723599995027,-0.46710095395771545,0.40832389342061887,-0.9128371147482046,0.9128371147482046,0.4083238934206189
452,0.0,0.0,0.09670741513523069,0.9953128532566342,0.4976564266283172,-0.04835370756761533,0.7721749369730414,0.6354099989067529,-0.7721749369730414,-0.6354099989067529
453,0.0,0.0,0.2617522090408289,-0.9651351102629344,0.4825675551314673,0.13087610452041443,0.49736681922481846,0.867540343231476,-0.8675403432314761,0.49736681922481835
454,0.0,0.0,0.8884484206053115,0.4589764742597688,-0.22948823712988445,0.44422421030265563,0.3036825255903183,0.9527732802986689,-0.3036825255903183,-0.9527732802986689
455,0.0,0.0,-0.4148223392268967,-0.9099024271197025,0.45495121355985124,-0.20741116961344835,0.9367218654894449,0.35007448737943486,-0.3500744873794349,0.9367218654894449
456,0.0,0.0,0.9712375322558905,0.23811269587631856,-0.11905634793815928,0.48561876612794524,0.5183975432602734,0.8551397471417832,-0.5183975432602734,-0.8551397471417832
457,0.0,0.0,0.9640983176207445,0.26554554027670935,-0.13277277013835465,0.48204915881037236,0.8694895103636769,-0.4939514058766638,-0.49395140587666375,-0.8694895103636772
458,0.0,0.0,0.9966099547866298,-0.08227148971661431,0.04113574485830715,0.49830497739331503,-0.6465349289507072,0.7628843855045818,-0.7628843855045817,-0.6465349289507073
459,0.0,0.0,0.9307664518417105,0.36561429420359504,-0.18280714710179752,0.46538322592085524,0.39962292306812014,0.916679616528311,-0.39962292306812014,-0.916679616528311
460,0.0,0.0,-0.9844528648108984,0.17564895947774442,-0.0878244797388722,-0.49222643240544933,0.5719107261112356,-0.820315866821384,0.8203158668213838,0.5719107261112357
461,0.0,0.0,0.41742355199500014,-0.9087120436309172,-0.4543560218154588,-0.2087117759975,-0.34739342395466766,-0.9377194724399471,0.34739342395466766,0.9377194724399471
462,0.0,0.0,0.9972379446229417,-0.0742730220484617,0.03713651102423086,0.49861897231147073,-0.6526347555497315,0.7576726706491018,-0.757672670649102,-0.6526347555497314
463,0.0,0.0,-0.7374215929899595,-0.6754327458690099,-0.33771637293450496,0.36871079649497973,-0.9990388838360134,0.043832734157159596,0.9990388838360134,-0.043832734157159596
464,0.0,0.0,0.737548762797076,-0.6752938786161938,-0.33764693930809697,-0.36877438139853796,0.04402085076628485,-0.9990306124928366,-0.04402085076628485,0.9990306124928366
465,0.0,0.0,0.8974072025417584,0.44120325568401547,0.22060162784200768,-0.4487036012708793,-0.32258490442717747,-0.9465405323786765,-0.9465405323786763,0.3225849044271775
466,0.0,0.0,0.24771420074951983,0.9688331511395689,0.48441657556978457,-0.12385710037475989,0.8602288821553118,0.5099080998629292,-0.8602288821553118,-0.5099080998629292
467,0.0,0.0,0.008744440732808537,-0.9999617666472408,-0.4999808833236206,-0.004372220366404267,-0.713262999463397,0.7008964927836911,0.7008964927836915,0.7132629994633968
468,0.0,0.0,0.19489181073405157,0.9808247458689052,-0.49041237293445256,0.0974459053670258,0.831357149927248,0.5557385079917019,0.5557385079917019,-0.8313571499272481
469,0.0,0.0,0.9926187511991739,0.12127660437113416,0.06063830218556708,-0.49630937559958693,0.7876429594559652,-0.6161319407557512,-0.7876429594559652,0.6161319407557512
470,0.0,0.0,0.9175727815507597,0.39756784396779676,-0.19878392198389844,0.45878639077537975,0.9299448545180892,-0.3676990176154003,-0.36769901761540036,-0.929944854518089
471,0.0,0.0,0.8667827599003153,0.4986859203342238,-0.24934296016711185,0.43339137995015775,-0.9655321632916879,0.26028377139052006,-0.26028377139052,-0.9655321632916881
472,0.0,0.0,0.5958272668208497,-0.8031126123482285,0.40155630617411425,0.29791363341042487,0.1465728734630061,0.9891998750327445,-0.9891998750327445,0.14657287346300613
473,0.0,0.0,0.3138955642594984,0.9494575160259731,-0.4747287580129864,0.15694778212974922,0.8933255301027694,0.44941016595823163,0.4494101659582315,-0.8933255301027696
474,0.0,0.0,0.7922679737265148,0.6101733014540074,-0.30508665072700375,0.3961339868632573,0.9916757358960563,-0.1287603775818318,-0.12876037758183195,-0.991675735896056
475,0.0,0.0,-0.9798451350253053,0.19975863277275835,-0.0998793163863792,-0.48992256751265256,0.5516044556548709,-0.8341058233232123,0.8341058233232124,0.5516044556548708
476,0.0,0.0,0.9990238763893183,0.04417345814016353,0.02208672907008177,-0.49951193819465906,-0.6751812057627884,-0.7376519093615277,-0.7376519093615279,0.6751812057627883
477,0.0,0.0,0.6294043402124352,0.777077973257349,-0.3885389866286745,0.3147021701062176,-0.9945331814734277,-0.10442102732851229,0.10442102732851233,-0.9945331814734276
478,0.0,0.0,0.900215866388853,0.4354439044260085,0.21772195221300425,-0.4501079331944265,-0.3286434060093034,-0.9444540813012584,-0.9444540813012584,0.3286434060093034
479,0.0,0.0,-0.4437459054625864,-0.8961526496000498,-0.448076324800025,0.22187295273129315,-0.3198998766341279,0.9474513543868465,0.9474513543868468,0.3198998766341277
480,0.0,0.0,-0.2594492623900336,-0.9657567396841025,0.4828783698420511,-0.12972463119501682,0.8663514724170805,0.49943480679739943,-0.4994348067973994,0.8663514724170808
481,0.0,0.0,0.9377648068951059,-0.34727102808755117,0.17363551404377559,0.46888240344755294,0.4175421552432912,-0.908657552983954,-0.908657552983954,-0.41754215524329114
482,0.0,0.0,0.0600474559146206,-0.9981955234512834,-0.4990977617256417,-0.0300237279573103,-0.6633708603122294,-0.7482907868526864,0.6633708603122294,0.7482907868526864
483,0.0,0.0,0.9919347379173459,0.12674965764390217,-0.06337482882195108,0.49596736895867294,0.6117782372427795,0.7910293221089325,-0.6117782372427795,-0.7910293221089325
484,0.0,0.0,-0.8629338042547825,-0.5053169792064865,0.2526584896032433,-0.43146690212739125,-0.25287328205805326,-0.9674994073492698,0.25287328205805326,0.9674994073492698
485,0.0,0.0,0.9895574149905377,0.14413924669306294,0.07206962334653144,-0.49477870749526903,0.8016445972850251,-0.5978009197414546,-0.8016445972850251,0.5978009197414546
486,0.0,0.0,0.4330076290932523,-0.9013902557422285,-0.45069512787111415,-0.2165038145466262,-0.9435617931681539,0.3311965314934579,0.33119653149345785,0.9435617931681541
487,0.0,0.0,-0.951168557663536,-0.30867195355630955,-0.15433597677815478,0.475584278831768,-0.8908417686970794,0.4543137056535484,0.8908417686970794,-0.4543137056535484
488,0.0,0.0,0.7006833898460783,-0.7134723450798978,0.3567361725399489,0.3503416949230391,-0.00904315697012499,-0.9999591098200034,-0.9999591098200034,0.009043156970125008
489,0.0,0.0,0.3444013254590888,-0.9388225215779726,0.46941126078898643,0.17220066272954437,0.42031925865668157,0.907376284020195,-0.9073762840201952,0.4203192586566814
490,0.0,0.0,0.6690522660566959,0.7432153559261274,-0.3716076779630637,0.33452613302834794,0.9986240123542539,0.05244122376042241,0.0524412237604224,-0.998624012354254
491,0.0,0.0,-0.9426832200011117,-0.33368899701418886,0.1668444985070944,-0.4713416100005559,-0.9025314499696266,0.4306239447774856,0.4306239447774856,0.9025314499696268
492,0.0,0.0,-0.9495948200978346,-0.3134799477532196,-0.1567399738766098,0.4747974100489173,-0.8931287334931046,0.44980113984849224,0.8931287334931046,-0.44980113984849224
493,0.0,0.0,-0.9394960514464642,-0.34255973102001025,0.17127986551000507,-0.46974802572323227,-0.9065503376414692,0.4220977201100916,0.4220977201100915,0.9065503376414694
494,0.0,0.0,0.14077643861600941,0.9900414104120053,0.49502070520600255,-0.07038821930800472,0.7996089693344945,0.6005210205811506,-0.7996089693344945,-0.6005210205811506
495,0.0,0.0,-0.9639554892344009,0.2660635540145754,0.1330317770072877,0.48197774461720044,-0.4934841199293413,0.8697548064699403,0.4934841199293413,-0.8697548064699403
496,0.0,0.0,0.469863497360376,-0.8827390859411836,0.4413695429705919,0.23493174868018796,0.9564344589029748,-0.2919471284718761,-0.9564344589029748,0.2919471284718761
497,0.0,0.0,0.0013438867197772726,-0.9999990969838346,0.4999995484919174,0.0006719433598886362,-0.7061558712449925,-0.7080564140703944,-0.7080564140703945,0.7061558712449922
498,0.0,0.0,0.9752542950841674,0.22108609164731352,-0.11054304582365679,0.4876271475420836,0.533277450805475,0.8459404000651667,-0.533277450805475,-0.8459404000651667
499,0.0,0.0,-0.24483429724263664,0.9695649369143382,-0.4847824684571693,-0.12241714862131826,-0.5124619498455247,-0.8587099335401467,0.8587099335401471,-0.5124619498455245
